footprint,nstories,buildingheight,eraBuilt,garageExists
"POLYGON ((37.2374997 37.1782898, 37.2376551 37.1782653, 37.2376221 37.1781325, 37.2374667 37.178157, 37.2374997 37.1782898))",,,N/A,
"POLYGON ((37.3548892 37.0523129, 37.3549605 37.0522326, 37.3550148 37.0522633, 37.3550298 37.0522464, 37.355054 37.05226, 37.3550989 37.0522095, 37.3551522 37.0522396, 37.3551453 37.0522474, 37.3551898 37.0522726, 37.3551606 37.0523056, 37.3551328 37.0522899, 37.3550378 37.0523969, 37.3548892 37.0523129))",2,48.6,Pre-1970,False
"POLYGON ((37.573613 36.7974341, 37.573677 36.7973365, 37.5738094 36.7973923, 37.5737453 36.7974899, 37.573613 36.7974341))",,,N/A,
"POLYGON ((37.4120004 36.9287164, 37.4119071 36.9287081, 37.4119171 36.9286366, 37.4120025 36.9286442, 37.4119993 36.9286664, 37.4120073 36.9286671, 37.4120004 36.9287164))",1,30.2,Pre-1970,True
"POLYGON ((37.375663 37.0809795, 37.3756627 37.080962, 37.3756703 37.0809623, 37.3756706 37.0809807, 37.375663 37.0809795))",4,84.5,Pre-1970,False
"POLYGON ((37.3803958 37.0860169, 37.380377 37.0860736, 37.3804879 37.086097, 37.3805098 37.0860307, 37.380438 37.0860156, 37.3804348 37.0860251, 37.3803958 37.0860169))",2,37.6,Pre-1970,True
"POLYGON ((37.349503 37.0369481, 37.3495911 37.0369401, 37.3495888 37.0369241, 37.3495866 37.0369085, 37.3496131 37.036906, 37.3495923 37.0367598, 37.3494778 37.0367702, 37.349503 37.0369481))",2,36.0,Pre-1970,True
"POLYGON ((37.4249238 37.0978559, 37.424928 37.0978423, 37.4249491 37.097773, 37.4249691 37.0977077, 37.4250909 37.0977313, 37.4250456 37.0978796, 37.4249238 37.0978559))",1,25.1,Pre-1970,False
"POLYGON ((37.3606749 37.0347014, 37.3606733 37.0346316, 37.3608019 37.0346297, 37.3608035 37.0346995, 37.3606749 37.0347014))",2,28.9,Pre-1970,False
"POLYGON ((37.3846456 37.0807636, 37.3847035 37.0807795, 37.3847379 37.0806995, 37.38468 37.0806837, 37.3846456 37.0807636))",2,31.3,Pre-1970,False
"POLYGON ((37.8567819 37.0114343, 37.856787 37.0113077, 37.8570079 37.0113133, 37.8570028 37.0114399, 37.8567819 37.0114343))",,,N/A,
"POLYGON ((37.3767033 37.0575964, 37.3767031 37.0576294, 37.376755 37.0576296, 37.3767552 37.0575966, 37.3767033 37.0575964))",2,45.3,Pre-1970,False
"POLYGON ((37.3894372 37.0572711, 37.3895184 37.0572311, 37.3894707 37.0571695, 37.3893896 37.0572095, 37.3894372 37.0572711))",1,30.6,Pre-1970,False
"POLYGON ((37.3529507 37.0468468, 37.3528291 37.0468439, 37.3528324 37.0467554, 37.3530013 37.0467594, 37.3529987 37.0468286, 37.3529514 37.0468275, 37.3529507 37.0468468))",1,19.2,Pre-1970,False
"POLYGON ((37.406502 37.0612571, 37.406502 37.0613299, 37.4066509 37.0613299, 37.4066509 37.0612571, 37.406502 37.0612571))",,,N/A,
"POLYGON ((37.3857692 37.0665865, 37.3857665 37.0666228, 37.3857906 37.0666239, 37.3857933 37.0665876, 37.3857692 37.0665865))",1,17.4,Pre-1970,True
"POLYGON ((37.6392476 37.0102771, 37.6392812 37.010263, 37.6393217 37.0103244, 37.6392881 37.0103385, 37.6392476 37.0102771))",,,N/A,
"POLYGON ((37.3699646 37.0863112, 37.3699646 37.0863417, 37.3700112 37.0863724, 37.3700461 37.0863724, 37.3700461 37.0863112, 37.3699646 37.0863112))",,,N/A,
"POLYGON ((36.9040835 36.958838, 36.904033 36.9587777, 36.9041054 36.9587391, 36.9041558 36.9587994, 36.9040835 36.958838))",,,N/A,
"POLYGON ((37.7923156 36.9991971, 37.792486 36.9992378, 37.792522 36.9991416, 37.7923517 36.9991009, 37.7923156 36.9991971))",1,27.5,Pre-1970,True
"POLYGON ((36.86753 36.907349, 36.8675314 36.9074391, 36.8674536 36.9074399, 36.8674522 36.9073498, 36.86753 36.907349))",,,N/A,
"POLYGON ((37.5807533 37.2172302, 37.5807784 37.2173264, 37.5805907 37.2173575, 37.5805656 37.2172612, 37.5807533 37.2172302))",,,N/A,
"POLYGON ((37.4216583 37.0972281, 37.4217004 37.0970871, 37.4218946 37.097124, 37.4218525 37.097265, 37.4216583 37.0972281))",4,101.6,Pre-1970,True
"POLYGON ((37.3876382 37.0894874, 37.387818 37.0894561, 37.387779 37.0893133, 37.3875992 37.0893446, 37.3876382 37.0894874))",5,106.8,Pre-1970,True
"POLYGON ((37.7674685 37.484447, 37.7674142 37.4844572, 37.7674021 37.4844169, 37.7675596 37.4843874, 37.7675795 37.4844539, 37.7674763 37.4844732, 37.7674685 37.484447))",,,N/A,
"POLYGON ((37.3590966 37.0659229, 37.3591612 37.0657229, 37.3594087 37.0657738, 37.3593441 37.0659738, 37.3590966 37.0659229))",5,87.2,Pre-1970,True
"POLYGON ((37.3793365 37.0878761, 37.3793044 37.0878751, 37.3793017 37.0879317, 37.3793338 37.0879327, 37.3793365 37.0878761))",1,39.8,Pre-1970,True
"POLYGON ((37.4095852 37.0729904, 37.4093895 37.073073, 37.4094438 37.0731549, 37.4094549 37.0731502, 37.4096395 37.0730723, 37.4096288 37.0730561, 37.4095852 37.0729904))",1,30.4,1980-1989,False
"POLYGON ((37.5790228 36.7588598, 37.5788559 36.7588774, 37.5788365 36.7587596, 37.5790034 36.758742, 37.5790228 36.7588598))",,,N/A,
"POLYGON ((36.6307647 37.0272514, 36.6306695 37.0272716, 36.6306891 37.0273302, 36.6305999 37.0273492, 36.6305709 37.0272622, 36.6306071 37.0272545, 36.6305873 37.027195, 36.6307354 37.0271635, 36.6307647 37.0272514))",2,37.6,Pre-1970,True
"POLYGON ((37.4301648 37.0957232, 37.4301662 37.0955845, 37.4302677 37.0955851, 37.4302663 37.0957239, 37.4301648 37.0957232))",3,65.2,Pre-1970,False
"POLYGON ((37.361754 36.8437603, 37.3618995 36.8437036, 37.3619702 36.8438198, 37.3618247 36.8438765, 37.361754 36.8437603))",,,N/A,
"POLYGON ((37.7066664 37.0902557, 37.7067369 37.0903524, 37.7066355 37.0903995, 37.7065649 37.0903029, 37.7066664 37.0902557))",,,N/A,
"POLYGON ((37.3273597 36.817683, 37.3274413 36.8176602, 37.3274072 36.8175821, 37.3273257 36.8176048, 37.3273597 36.817683))",1,29.6,2000-2009,False
"POLYGON ((37.3994578 36.8660642, 37.3995437 36.8660717, 37.3995476 36.8660433, 37.3994617 36.8660358, 37.3994578 36.8660642))",1,,Pre-1970,False
"POLYGON ((37.4010428 37.0647257, 37.4010561 37.0646265, 37.4011652 37.0646243, 37.4011472 37.0646757, 37.4011235 37.0646818, 37.4011102 37.0647386, 37.4010428 37.0647257))",2,30.7,Pre-1970,False
"POLYGON ((37.6831275 37.2723238, 37.6830317 37.2723272, 37.6830291 37.2722654, 37.6831295 37.2722272, 37.6831275 37.2723238))",,,N/A,
"POLYGON ((37.3552485 37.0637017, 37.3553146 37.0637065, 37.3553201 37.0636584, 37.3553212 37.0636493, 37.3552551 37.0636445, 37.3552485 37.0637017))",,,N/A,
"POLYGON ((36.7627252 36.9494557, 36.762682 36.9494577, 36.7626796 36.9494155, 36.7627226 36.9494137, 36.7627252 36.9494557))",,,N/A,
"POLYGON ((37.8337022 37.3187666, 37.8338774 37.3187708, 37.833873 37.318888, 37.8338274 37.3188869, 37.8338294 37.3188346, 37.833741 37.3188325, 37.833742 37.318806, 37.8337008 37.318805, 37.8337022 37.3187666))",,,N/A,
"POLYGON ((37.3344371 37.0789827, 37.3346382 37.07891, 37.3345537 37.0787612, 37.3343526 37.078834, 37.3344371 37.0789827))",,,N/A,
"POLYGON ((37.6840685 37.4779757, 37.6839493 37.4779801, 37.683947 37.4779405, 37.6839952 37.4779388, 37.6839932 37.4779048, 37.6840642 37.4779022, 37.6840685 37.4779757))",,,N/A,
"POLYGON ((37.7510306 37.1384346, 37.7509936 37.1383239, 37.7511729 37.1382857, 37.7512099 37.1383964, 37.7510306 37.1384346))",2,38.4,1980-1989,False
"POLYGON ((36.8285445 36.9910268, 36.8283632 36.9910795, 36.8283887 36.9911354, 36.8282774 36.9911678, 36.8282337 36.9910721, 36.8283616 36.9910349, 36.8283432 36.9909944, 36.8285079 36.9909465, 36.8285445 36.9910268))",,,N/A,
"POLYGON ((37.5679176 37.3168701, 37.5678113 37.3168706, 37.5678105 37.3167586, 37.5677837 37.3167587, 37.5677833 37.3167065, 37.5679163 37.3167058, 37.5679176 37.3168701))",1,21.7,Pre-1970,False
"POLYGON ((37.3904054 37.0671044, 37.3904335 37.0670942, 37.3904126 37.0670572, 37.3903844 37.0670674, 37.3904054 37.0671044))",1,27.2,Pre-1970,True
"POLYGON ((37.3219538 37.0398509, 37.3219708 37.0398465, 37.3219213 37.0397267, 37.3220631 37.0396894, 37.3221281 37.039847, 37.3221538 37.0398655, 37.3222063 37.0398517, 37.3222185 37.0398812, 37.3224482 37.0400465, 37.3223437 37.0401391, 37.3223604 37.0401794, 37.3221875 37.0402249, 37.3221642 37.0401684, 37.3220841 37.0401108, 37.322015 37.0399433, 37.3219823 37.0399198, 37.3219538 37.0398509))",2,35.6,1990-1999,False
"POLYGON ((37.3919761 37.2373785, 37.391905 37.237379, 37.3919032 37.2372241, 37.3920959 37.2372227, 37.3920973 37.2373439, 37.3921667 37.2373434, 37.3921686 37.2375021, 37.3919776 37.2375036, 37.3919761 37.2373785))",,,N/A,
"POLYGON ((37.4324846 37.0336112, 37.4324535 37.0335655, 37.4325306 37.0335321, 37.4325616 37.0335778, 37.4324846 37.0336112))",,,N/A,
"POLYGON ((37.3659177 36.8218408, 37.3659456 36.8218387, 37.3659506 36.8218814, 37.3659227 36.8218835, 37.3659177 36.8218408))",,,N/A,
"POLYGON ((37.7318433 37.2035891, 37.731793 37.2036608, 37.7316867 37.2036135, 37.731737 37.2035418, 37.7318433 37.2035891))",,,N/A,
"POLYGON ((37.3632766 37.0439768, 37.3634615 37.0438897, 37.3634136 37.0438249, 37.3632287 37.043912, 37.3632766 37.0439768))",2,26.5,Pre-1970,True
"POLYGON ((37.3933326 37.041169, 37.3933437 37.0412236, 37.39347 37.0412072, 37.3934589 37.0411527, 37.3933326 37.041169))",2,34.6,Pre-1970,True
"POLYGON ((37.3859264 37.0786789, 37.3859704 37.0786789, 37.3859704 37.0786556, 37.3859264 37.0786556, 37.3859264 37.0786789))",,,N/A,
"POLYGON ((37.3725943 37.0518895, 37.3725248 37.0518922, 37.3725227 37.051859, 37.3725923 37.0518562, 37.3725943 37.0518895))",2,30.4,Pre-1970,True
"POLYGON ((37.3966996 37.0449499, 37.3967488 37.045008, 37.3968176 37.044975, 37.3967901 37.0449233, 37.3966996 37.0449499))",1,15.3,1990-1999,False
"POLYGON ((37.37918 37.0859503, 37.3791396 37.086062, 37.3792008 37.086076, 37.3792411 37.0859644, 37.37918 37.0859503))",3,46.3,Pre-1970,False
"POLYGON ((37.3687052 37.0492218, 37.3687328 37.0492358, 37.3687447 37.0492209, 37.3687862 37.049242, 37.3687744 37.0492567, 37.3687891 37.0492642, 37.3688189 37.0492793, 37.3688554 37.0492337, 37.368852 37.049232, 37.3688596 37.0492225, 37.3688029 37.0491937, 37.3688077 37.0491876, 37.3687541 37.0491604, 37.3687052 37.0492218))",,,N/A,
"POLYGON ((37.4085413 37.0625949, 37.4084887 37.0625839, 37.4084675 37.062648, 37.4085201 37.062659, 37.4085413 37.0625949))",2,38.4,Pre-1970,True
"POLYGON ((37.8835224 37.3776189, 37.8834803 37.37763, 37.8834516 37.3775607, 37.8834937 37.3775497, 37.8835224 37.3776189))",,,N/A,
"POLYGON ((37.3369969 37.0457344, 37.3370952 37.0457518, 37.3370642 37.0458638, 37.3369658 37.0458464, 37.3369969 37.0457344))",2,33.5,Pre-1970,True
"POLYGON ((37.0718729 36.9472799, 37.0718729 36.9473077, 37.0719018 36.9473077, 37.0719018 36.9473335, 37.0719749 36.9473335, 37.0719749 36.9473077, 37.0719749 36.9472799, 37.0718729 36.9472799))",,,N/A,
"POLYGON ((37.3635744 37.0364977, 37.3634518 37.0365045, 37.3634482 37.036464, 37.3635708 37.0364571, 37.3635744 37.0364977))",2,39.1,Pre-1970,True
"POLYGON ((36.6258032 37.0257098, 36.6257991 37.0257263, 36.6258533 37.0257349, 36.625844 37.025772, 36.6257343 37.0257545, 36.6257476 37.025701, 36.6258032 37.0257098))",,,N/A,
"POLYGON ((37.3507163 37.0846104, 37.3507277 37.0844068, 37.3510217 37.0844173, 37.3510103 37.0846208, 37.3507163 37.0846104))",,,N/A,
"POLYGON ((37.5173875 36.899297, 37.5181114 36.8992858, 37.5181114 36.8991943, 37.5173782 36.899198, 37.5173875 36.899297))",,,N/A,
"POLYGON ((36.8865873 37.3038586, 36.8866485 37.3038231, 36.8866015 37.3037719, 36.8865404 37.3038074, 36.8865873 37.3038586))",,,N/A,
"POLYGON ((37.5255374 37.0363119, 37.5255563 37.0363746, 37.5256019 37.0363659, 37.5256113 37.0363972, 37.5255413 37.0364106, 37.5255356 37.0363914, 37.5255077 37.0363968, 37.5254852 37.0363219, 37.5255374 37.0363119))",1,34.6,Pre-1970,False
"POLYGON ((37.7793185 37.0142569, 37.7793597 37.0141525, 37.7794963 37.0141868, 37.7794559 37.0142893, 37.7794522 37.0142883, 37.7794157 37.0143807, 37.7792717 37.0143445, 37.7793074 37.0142541, 37.7793185 37.0142569))",2,32.2,Pre-1970,False
"POLYGON ((37.4000442 37.0528904, 37.400104 37.0528397, 37.4000701 37.0528142, 37.3999985 37.052875, 37.4000156 37.0528878, 37.4000274 37.0528778, 37.4000442 37.0528904))",1,24.5,Pre-1970,True
"POLYGON ((37.3065782 37.0569013, 37.3067598 37.0568509, 37.3068114 37.0569692, 37.3066298 37.0570196, 37.3065782 37.0569013))",1,34.5,Pre-1970,False
"POLYGON ((37.3611015 37.044061, 37.3611307 37.0440653, 37.3611379 37.0440346, 37.3611086 37.0440305, 37.3611015 37.044061))",4,58.3,Pre-1970,True
"POLYGON ((37.1929155 37.1432815, 37.1929229 37.1433168, 37.1928081 37.1433321, 37.1928007 37.1432968, 37.1929155 37.1432815))",,,N/A,
"POLYGON ((37.9861731 36.9471539, 37.9861184 36.9471737, 37.986066 36.9470812, 37.9861207 36.9470614, 37.9861731 36.9471539))",,,N/A,
"POLYGON ((37.4101704 37.0691796, 37.4101704 37.0691627, 37.4101808 37.0691627, 37.4101808 37.0691502, 37.4101534 37.0691502, 37.4101534 37.0691591, 37.4101458 37.0691591, 37.4101459 37.0691796, 37.4101704 37.0691796))",,,N/A,
"POLYGON ((37.3067255 36.8038634, 37.3068858 36.8038529, 37.3068994 36.8039852, 37.3067548 36.8039947, 37.3067359 36.8039657, 37.3067255 36.8038634))",2,39.4,Pre-1970,False
"POLYGON ((37.1444958 36.9431198, 37.1445064 36.9430185, 37.1445549 36.9430218, 37.1445442 36.943123, 37.1444958 36.9431198))",,,N/A,
"POLYGON ((37.6896514 37.4022016, 37.6897118 37.4022024, 37.6897131 37.4021352, 37.6896527 37.4021345, 37.6896514 37.4022016))",,,N/A,
"POLYGON ((37.8543001 37.1421852, 37.8541597 37.1422862, 37.8540863 37.1422215, 37.8542267 37.1421204, 37.8543001 37.1421852))",,,N/A,
"POLYGON ((37.462361 36.9919896, 37.4624256 36.9919755, 37.4623907 36.9918737, 37.4623261 36.9918878, 37.462361 36.9919896))",,,N/A,
"POLYGON ((37.4254254 37.1033836, 37.4253966 37.1031386, 37.4256118 37.1031225, 37.4256407 37.1033675, 37.4254254 37.1033836))",3,46.9,Pre-1970,False
"POLYGON ((37.2021011 37.0849037, 37.2019946 37.0849448, 37.2019252 37.0848304, 37.2019969 37.0848027, 37.2020295 37.0848565, 37.2020643 37.084843, 37.2021011 37.0849037))",1,25.0,Pre-1970,True
"POLYGON ((37.9150409 37.0033948, 37.9151222 37.0034046, 37.9150976 37.0035336, 37.9150163 37.0035237, 37.9150409 37.0033948))",,,N/A,
"POLYGON ((37.353472 37.0520063, 37.3535304 37.0520504, 37.35358 37.0520085, 37.3535216 37.0519645, 37.3534803 37.0519994, 37.353472 37.0520063))",2,38.3,Pre-1970,True
"POLYGON ((37.407817 37.0684915, 37.4079259 37.0684884, 37.4079225 37.0684121, 37.407883 37.0684132, 37.4078838 37.0684314, 37.4078144 37.0684334, 37.407817 37.0684915))",1,17.8,2000-2009,True
"POLYGON ((37.4070425 37.0612089, 37.4070926 37.0612073, 37.4070915 37.0611858, 37.4071122 37.0611852, 37.4071106 37.0611537, 37.4070398 37.061156, 37.4070425 37.0612089))",2,37.8,Pre-1970,True
"POLYGON ((37.389752 37.0680181, 37.3897548 37.0680368, 37.3897989 37.0680326, 37.3898027 37.0680579, 37.3898612 37.0680509, 37.3898548 37.0680084, 37.3898107 37.0680126, 37.3898093 37.0680031, 37.3897868 37.0680052, 37.3897837 37.0680151, 37.389752 37.0680181))",1,23.0,Pre-1970,False
"POLYGON ((37.281996 37.1233341, 37.2818932 37.123476, 37.2817113 37.1233923, 37.2818141 37.1232503, 37.281996 37.1233341))",,,N/A,
"POLYGON ((37.3779299 37.0599803, 37.377887 37.0599796, 37.377885 37.060055, 37.3778949 37.0600551, 37.3778944 37.0600764, 37.3779273 37.0600769, 37.3779299 37.0599803))",1,27.0,Pre-1970,True
"POLYGON ((37.3764818 37.0621418, 37.3764825 37.0620764, 37.3765463 37.0620768, 37.3765913 37.0620771, 37.3765906 37.0621425, 37.3764818 37.0621418))",,,N/A,
"POLYGON ((37.9633177 37.4385091, 37.9633549 37.4385073, 37.9633556 37.4385156, 37.9633434 37.4385162, 37.9633442 37.438527, 37.9633564 37.4385264, 37.9633575 37.4385413, 37.9633139 37.4385434, 37.9633125 37.4385247, 37.9633189 37.4385244, 37.9633177 37.4385091))",,,N/A,
"POLYGON ((37.2517222 37.014179, 37.2517641 37.0141402, 37.2517384 37.0141154, 37.2517034 37.0141456, 37.2517222 37.014179))",,,N/A,
"POLYGON ((37.4113836 37.0631979, 37.411384 37.0631394, 37.4112958 37.063139, 37.4112955 37.0631815, 37.4113113 37.0631816, 37.411311 37.0632313, 37.4113408 37.0632314, 37.4113411 37.063185, 37.4113582 37.0631851, 37.4113581 37.0631978, 37.4113836 37.0631979))",3,66.7,Pre-1970,True
"POLYGON ((37.3644025 37.0490919, 37.3644264 37.0490605, 37.3643087 37.0490034, 37.3643198 37.0489887, 37.3642931 37.0489758, 37.364249 37.0490337, 37.3643197 37.0490679, 37.3643287 37.0490561, 37.3644025 37.0490919))",1,19.3,Pre-1970,False
"POLYGON ((37.3754325 37.0941043, 37.3753776 37.0938747, 37.3755918 37.0938421, 37.3756467 37.0940717, 37.3754325 37.0941043))",3,48.6,Pre-1970,True
"POLYGON ((37.3695471 37.0660219, 37.3696212 37.0658225, 37.3698285 37.0658715, 37.3697545 37.0660709, 37.3695471 37.0660219))",2,35.8,Pre-1970,True
"POLYGON ((37.3878611 37.066908, 37.3878603 37.0669693, 37.3878922 37.0669696, 37.3878929 37.0669083, 37.3878611 37.066908))",1,12.6,Pre-1970,False
"POLYGON ((37.4072378 37.1781647, 37.4070587 37.178179, 37.4070461 37.1780788, 37.4072252 37.1780645, 37.4072378 37.1781647))",1,14.3,Pre-1970,False
"POLYGON ((37.3652689 37.0496731, 37.3652688 37.0496808, 37.365347 37.0496814, 37.365348 37.049596, 37.3652698 37.0495954, 37.3652689 37.0496731))",2,26.0,Pre-1970,False
"POLYGON ((37.3985164 37.0537863, 37.398532 37.0537969, 37.3985666 37.0537646, 37.398551 37.053754, 37.3985345 37.0537695, 37.3985164 37.0537863))",2,35.9,Pre-1970,True
"POLYGON ((37.3527491 37.037069, 37.352764 37.0370913, 37.3527694 37.037089, 37.3528159 37.0370701, 37.3528247 37.0370664, 37.3528118 37.037047, 37.3528092 37.0370434, 37.3527944 37.0370497, 37.3527858 37.0370534, 37.3527491 37.037069))",3,72.4,Pre-1970,False
"POLYGON ((37.2834929 37.186474, 37.2834985 37.1864966, 37.283545 37.1864892, 37.2835675 37.1865797, 37.2834205 37.186603, 37.2833922 37.1864899, 37.2834929 37.186474))",2,46.8,Pre-1970,False
"POLYGON ((36.5759948 36.8976011, 36.5759184 36.8976094, 36.5759144 36.8975853, 36.5759907 36.8975771, 36.5759948 36.8976011))",,,N/A,
"POLYGON ((37.6658326 37.5074415, 37.6658312 37.5074117, 37.6659088 37.5074093, 37.6659138 37.5075091, 37.6657504 37.5075142, 37.6657469 37.5074441, 37.6658326 37.5074415))",,,N/A,
"POLYGON ((37.6181082 37.470208, 37.6181639 37.4702188, 37.6181493 37.4702662, 37.6180936 37.4702555, 37.6181082 37.470208))",,,N/A,
"POLYGON ((37.3651493 37.0893805, 37.3652718 37.0893165, 37.3652285 37.0892638, 37.3651912 37.0892833, 37.3651586 37.0892435, 37.3650733 37.0892881, 37.3651493 37.0893805))",2,33.2,Pre-1970,False
"POLYGON ((37.3538536 37.0975696, 37.353947 37.0975223, 37.3536627 37.097165, 37.3535693 37.0972123, 37.3538536 37.0975696))",,,N/A,
"POLYGON ((36.621143 37.0714297, 36.6210056 37.0714724, 36.620962 37.0713833, 36.6210994 37.0713405, 36.621143 37.0714297))",,,N/A,
"POLYGON ((37.7920618 36.8322323, 37.7921029 36.8321195, 37.7922228 36.8321475, 37.7921817 36.8322603, 37.7920618 36.8322323))",,,N/A,
"POLYGON ((37.3074432 36.8291755, 37.3074625 36.8292696, 37.3073606 36.829283, 37.3073413 36.8291889, 37.3074432 36.8291755))",,,N/A,
"POLYGON ((37.4845028 36.883069, 37.4844752 36.8830733, 37.4844508 36.8830845, 37.4844322 36.8831014, 37.4844214 36.8831222, 37.4844195 36.8831447, 37.4844269 36.8831664, 37.4844425 36.8831851, 37.4844653 36.8831989, 37.4844924 36.883206, 37.484521 36.8832056, 37.4845478 36.8831978, 37.48457 36.8831834, 37.484585 36.883164, 37.4845913 36.8831417, 37.4845882 36.883119, 37.4845759 36.8830984, 37.4845559 36.8830821, 37.4845307 36.883072, 37.4845028 36.883069))",,,N/A,
"POLYGON ((37.4152386 37.0508006, 37.4152981 37.0507845, 37.4152444 37.0506582, 37.415185 37.0506743, 37.4152386 37.0508006))",3,71.1,Pre-1970,True
"POLYGON ((37.2808673 37.0180625, 37.2808208 37.0180796, 37.2807882 37.018023, 37.2808347 37.0180059, 37.2808673 37.0180625))",,,N/A,
"POLYGON ((37.3647863 37.0448485, 37.3649123 37.0448426, 37.3649181 37.044906, 37.3649182 37.0449312, 37.3649309 37.0450551, 37.3648069 37.0450669, 37.3647863 37.0448485))",2,48.9,Pre-1970,True
"POLYGON ((37.3828623 37.1003758, 37.3829332 37.1004555, 37.3830146 37.1004095, 37.3829438 37.1003298, 37.3828623 37.1003758))",2,33.2,Pre-1970,True
"POLYGON ((37.3572632 37.0486232, 37.357262 37.0486895, 37.3571923 37.0486888, 37.3571935 37.0486224, 37.3572632 37.0486232))",3,50.7,Pre-1970,False
"POLYGON ((37.6187492 37.4672026, 37.618839 37.4672115, 37.6188225 37.4673171, 37.6187327 37.4673083, 37.6187492 37.4672026))",,,N/A,
"POLYGON ((37.8294061 37.3202819, 37.8293861 37.3201609, 37.8294921 37.3201498, 37.829512 37.3202709, 37.8294061 37.3202819))",,,N/A,
"POLYGON ((37.2815672 37.1262173, 37.2817923 37.1263218, 37.2816856 37.1264679, 37.2814605 37.1263634, 37.2815672 37.1262173))",,,N/A,
"POLYGON ((37.1258721 37.1223358, 37.12584 37.1223539, 37.1258558 37.1223718, 37.125888 37.1223538, 37.1258721 37.1223358))",,,N/A,
"POLYGON ((36.7862765 36.9954549, 36.7862994 36.9953939, 36.7863781 36.9954128, 36.7863553 36.9954737, 36.7862765 36.9954549))",,,N/A,
"POLYGON ((37.3788654 37.1034294, 37.3789572 37.1033698, 37.3789163 37.1033297, 37.3788768 37.1033554, 37.3788245 37.1033041, 37.3787722 37.1033381, 37.3788654 37.1034294))",2,42.1,Pre-1970,True
"POLYGON ((36.8639383 37.0557602, 36.8640606 37.055763, 36.8640563 37.0558838, 36.863934 37.055881, 36.8639383 37.0557602))",,,N/A,
"POLYGON ((36.5818085 36.9375639, 36.5818247 36.9376726, 36.5816831 36.9376861, 36.5816661 36.9375719, 36.5817522 36.9375637, 36.581753 36.9375692, 36.5818085 36.9375639))",,,N/A,
"POLYGON ((36.5911134 36.8965366, 36.5911859 36.8965748, 36.5912658 36.8964776, 36.5911933 36.8964395, 36.5911134 36.8965366))",,,N/A,
"POLYGON ((36.9347085 37.1854511, 36.9347444 37.1854301, 36.9347808 37.1854695, 36.9347448 37.1854905, 36.9347085 37.1854511))",1,21.0,Pre-1970,False
"POLYGON ((37.3429712 37.0405102, 37.3430511 37.040629, 37.3431284 37.0405959, 37.3430485 37.0404771, 37.3429712 37.0405102))",3,55.0,Pre-1970,True
"POLYGON ((37.4179784 36.9513019, 37.4179896 36.9512837, 37.4179485 36.9512676, 37.4179909 36.9511988, 37.4178623 36.9511483, 37.417812 36.9512301, 37.4178033 36.9512442, 37.4178175 36.9512498, 37.4177951 36.9512863, 37.4178923 36.9513245, 37.4179203 36.9512791, 37.4179784 36.9513019))",2,48.6,Pre-1970,False
"POLYGON ((37.2837339 37.1507898, 37.2840127 37.1509419, 37.2842715 37.1506404, 37.2839928 37.1504884, 37.2837339 37.1507898))",3,81.0,Pre-1970,True
"POLYGON ((37.4025915 37.0407237, 37.4025911 37.0407879, 37.4026967 37.0407883, 37.4026971 37.0407241, 37.4025915 37.0407237))",3,65.9,Pre-1970,False
"POLYGON ((37.4974552 37.1243296, 37.4975891 37.1243258, 37.4975929 37.1244104, 37.4974589 37.1244142, 37.4974552 37.1243296))",,,N/A,
"POLYGON ((37.9890195 36.9472895, 37.9891053 36.9472777, 37.9890951 36.9472302, 37.9890092 36.947242, 37.9890195 36.9472895))",,,N/A,
"POLYGON ((37.8514885 36.7788752, 37.8514892 36.7788112, 37.8516166 36.7788121, 37.8516159 36.7788761, 37.8514885 36.7788752))",,,N/A,
"POLYGON ((36.8307197 37.1023269, 36.8306555 37.1023218, 36.8306677 37.1022251, 36.8307319 37.1022302, 36.8307197 37.1023269))",,,N/A,
"POLYGON ((36.6413006 37.0375265, 36.6411917 37.0375286, 36.6411873 37.0373779, 36.6412962 37.0373759, 36.6413006 37.0375265))",2,34.1,Pre-1970,True
"POLYGON ((37.5035047 36.8908506, 37.5036437 36.89087, 37.5036658 36.8907691, 37.5035267 36.8907497, 37.5035047 36.8908506))",,,N/A,
"POLYGON ((37.5936936 37.3334554, 37.5938482 37.3334901, 37.5938248 37.3335561, 37.5936702 37.3335214, 37.5936936 37.3334554))",,,N/A,
"POLYGON ((37.4024261 37.0683191, 37.4024266 37.0683662, 37.4024574 37.068366, 37.4024569 37.0683189, 37.4024261 37.0683191))",2,30.2,Pre-1970,False
"POLYGON ((37.3912181 37.0511177, 37.3912999 37.0511323, 37.3913086 37.0511011, 37.3912268 37.0510865, 37.3912181 37.0511177))",1,30.3,Pre-1970,True
"POLYGON ((37.3890929 37.0915103, 37.3890891 37.0915225, 37.3890049 37.0915556, 37.3890663 37.0916391, 37.3891662 37.0916024, 37.3891622 37.0915965, 37.389135 37.0915562, 37.389138 37.0915474, 37.3890929 37.0915103))",1,22.4,Pre-1970,True
"POLYGON ((37.3811382 37.1388999, 37.3811373 37.138949, 37.3810783 37.1389484, 37.3810792 37.1388992, 37.3811382 37.1388999))",,,N/A,
"POLYGON ((37.2872347 37.1916068, 37.2874053 37.191603, 37.2874015 37.1914946, 37.2872309 37.1914984, 37.2872347 37.1916068))",,,N/A,
"POLYGON ((37.8610861 37.0212439, 37.8612059 37.0212626, 37.8612197 37.0212062, 37.8612273 37.0211748, 37.8611076 37.0211561, 37.8610861 37.0212439))",,,N/A,
"POLYGON ((37.3787444 37.0870684, 37.3787421 37.0871015, 37.3788771 37.0871075, 37.3788796 37.0870726, 37.3788459 37.0870711, 37.3788488 37.08703, 37.3787474 37.0870255, 37.3787444 37.0870684))",1,17.4,Pre-1970,True
"POLYGON ((37.6456068 36.8161234, 37.6454643 36.8161548, 37.6454248 36.8160402, 37.6455673 36.8160087, 37.6456068 36.8161234))",,,N/A,
"POLYGON ((37.427495 37.0927574, 37.4275565 37.0925873, 37.4277114 37.0926229, 37.4276499 37.092793, 37.427495 37.0927574))",2,40.1,Pre-1970,False
"POLYGON ((37.2647777 37.1853254, 37.2650074 37.1853024, 37.2650094 37.185315, 37.2651916 37.1852968, 37.2651984 37.1853396, 37.2651429 37.1853452, 37.2651572 37.1854356, 37.2648852 37.1854629, 37.2648749 37.1853976, 37.2648311 37.185402, 37.2648263 37.1853718, 37.2647857 37.1853759, 37.2647777 37.1853254))",,,N/A,
"POLYGON ((37.3853281 37.0496697, 37.3853209 37.0496488, 37.3853641 37.0496392, 37.3853713 37.0496602, 37.3853281 37.0496697))",1,24.9,Pre-1970,False
"POLYGON ((37.24428 37.217691, 37.2442768 37.217574, 37.2444322 37.2175713, 37.2444354 37.2176883, 37.24428 37.217691))",,,N/A,
"POLYGON ((36.9293647 37.1755054, 36.9294026 37.1753976, 36.9295504 37.1754306, 36.9295125 37.1755384, 36.9293647 37.1755054))",,,N/A,
"POLYGON ((37.4901849 36.9302024, 37.4902815 36.9302217, 37.4902914 36.9301931, 37.490195 36.9301716, 37.4901849 36.9302024))",,,N/A,
"POLYGON ((37.6903645 37.1527257, 37.6904267 37.1527492, 37.6904044 37.1527866, 37.6903422 37.1527631, 37.6903645 37.1527257))",2,56.6,2000-2009,False
"POLYGON ((37.405219 37.2243007, 37.4051554 37.2243893, 37.4050037 37.2243203, 37.4050673 37.2242318, 37.405219 37.2243007))",,,N/A,
"POLYGON ((37.3832618 37.0684656, 37.3832761 37.0684365, 37.3832123 37.0684165, 37.3831867 37.0684685, 37.383206 37.0684746, 37.3832173 37.0684517, 37.3832618 37.0684656))",3,89.0,Pre-1970,False
"POLYGON ((37.3850303 37.0962921, 37.3849739 37.0963274, 37.3849214 37.096264, 37.3848754 37.0962676, 37.3848245 37.0962119, 37.3849027 37.0961663, 37.3850303 37.0962921))",1,15.3,Pre-1970,True
"POLYGON ((37.4372264 37.041663, 37.4372981 37.0417488, 37.4373264 37.0417338, 37.437348 37.0417595, 37.4373786 37.0417432, 37.4373459 37.0417041, 37.4373219 37.0417169, 37.4373025 37.0416937, 37.4373167 37.0416861, 37.4373101 37.0416782, 37.4373302 37.0416676, 37.4372963 37.0416265, 37.4372264 37.041663))",2,27.9,Pre-1970,False
"POLYGON ((37.9053773 36.8711948, 37.9053704 36.8712321, 37.9053936 36.8712349, 37.9053844 36.8712847, 37.9054618 36.8712939, 37.9054779 36.8712067, 37.9053773 36.8711948))",,,N/A,
"POLYGON ((37.7988125 36.8314143, 37.7989277 36.8314002, 37.7989079 36.8312972, 37.7987928 36.8313114, 37.7988125 36.8314143))",,,N/A,
"POLYGON ((37.3701765 36.7938327, 37.370189 36.7939935, 37.3700859 36.7939986, 37.3700735 36.7938378, 37.3701765 36.7938327))",,,N/A,
"POLYGON ((36.8836267 37.1236061, 36.8835735 37.123654, 36.8831608 37.1233626, 36.8832141 37.1233146, 36.8836267 37.1236061))",,,N/A,
"POLYGON ((37.3829951 37.091051, 37.3830439 37.0910441, 37.383036 37.0910082, 37.3829872 37.091015, 37.3829951 37.091051))",2,38.9,Pre-1970,False
"POLYGON ((37.3948916 37.0459239, 37.3948787 37.0459949, 37.3949598 37.0460043, 37.3949727 37.0459333, 37.3948916 37.0459239))",2,35.7,Pre-1970,False
"POLYGON ((37.3509325 37.0444249, 37.3509889 37.0443664, 37.3510484 37.0444029, 37.3510199 37.0444325, 37.350992 37.0444614, 37.3509325 37.0444249))",,,N/A,
"POLYGON ((37.3991739 37.03822, 37.3991361 37.0381757, 37.39903 37.0382333, 37.3990432 37.0382488, 37.3990678 37.0382776, 37.3991739 37.03822))",2,69.8,Pre-1970,False
"POLYGON ((36.5692455 36.9178889, 36.5692031 36.9178928, 36.5691868 36.9177817, 36.5692291 36.9177777, 36.5692455 36.9178889))",,,N/A,
"POLYGON ((37.387142 37.0529622, 37.3871931 37.0530146, 37.3872959 37.052951, 37.3872651 37.0529193, 37.3872179 37.0529485, 37.3871977 37.0529277, 37.387142 37.0529622))",2,38.0,Pre-1970,True
"POLYGON ((37.5674946 37.3188333, 37.5675965 37.3188322, 37.5675953 37.3187619, 37.5674934 37.318763, 37.5674946 37.3188333))",1,14.5,Pre-1970,False
"POLYGON ((37.3967388 37.0498143, 37.3967548 37.0497985, 37.3967096 37.0497693, 37.3966936 37.0497852, 37.3967388 37.0498143))",1,26.4,Pre-1970,False
"POLYGON ((37.1873635 37.0402232, 37.1874412 37.0402218, 37.1874442 37.0403215, 37.1873664 37.040323, 37.1873635 37.0402232))",,,N/A,
"POLYGON ((37.2917157 37.0706485, 37.2918009 37.0705368, 37.2919297 37.0705804, 37.2917845 37.0706872, 37.2917157 37.0706485))",,,N/A,
"POLYGON ((37.3763732 37.0511315, 37.3763737 37.0511527, 37.3763996 37.0511523, 37.3763985 37.0511066, 37.3763726 37.051107, 37.3763732 37.0511315))",3,73.8,Pre-1970,False
"POLYGON ((37.6944618 37.041731, 37.6944622 37.0416961, 37.6945041 37.0416964, 37.6945037 37.0417295, 37.6944618 37.041731))",,,N/A,
"POLYGON ((37.2785954 37.1176396, 37.2785253 37.1175335, 37.2783735 37.1175781, 37.2784389 37.1176899, 37.2785954 37.1176396))",2,33.7,1990-1999,True
"POLYGON ((37.3635755 36.8820862, 37.3636637 36.8820696, 37.3636423 36.8819967, 37.363554 36.8820133, 37.3635755 36.8820862))",1,16.9,Pre-1970,False
"POLYGON ((37.9586086 36.9879968, 37.9586108 36.9880803, 37.9584338 36.9880832, 37.9584317 36.9879997, 37.9586086 36.9879968))",,,N/A,
"POLYGON ((37.370407 37.0162633, 37.3704092 37.0161083, 37.3706963 37.016111, 37.370694 37.016266, 37.370407 37.0162633))",3,65.9,Pre-1970,False
"POLYGON ((37.3957709 37.0869123, 37.3958171 37.0869053, 37.395886 37.086897, 37.3959685 37.0868897, 37.3960441 37.086886, 37.3961425 37.0868956, 37.3962476 37.0869095, 37.3962689 37.0868267, 37.3962371 37.0868258, 37.3962393 37.0867941, 37.3962728 37.0867913, 37.396278 37.0867501, 37.3963373 37.0867448, 37.3963355 37.086721, 37.3963769 37.0867215, 37.3963758 37.0866841, 37.3956628 37.0866937, 37.3956632 37.0868071, 37.395784 37.0867973, 37.3957832 37.0868324, 37.3957482 37.0868437, 37.3957709 37.0869123))",2,53.9,Pre-1970,False
"POLYGON ((37.8096941 37.0407232, 37.8098807 37.0406951, 37.8099034 37.0407912, 37.8097168 37.0408193, 37.8096941 37.0407232))",1,28.1,Pre-1970,False
"POLYGON ((37.7289957 37.3205899, 37.729021 37.3205905, 37.7290223 37.3205505, 37.7289971 37.3205499, 37.7289957 37.3205899))",,,N/A,
"POLYGON ((37.7136494 37.2264575, 37.7135941 37.2266335, 37.7134881 37.2266124, 37.7135434 37.2264364, 37.7136494 37.2264575))",,,N/A,
"POLYGON ((37.2993909 37.138335, 37.2993887 37.1383897, 37.2992547 37.1383863, 37.2992569 37.1383316, 37.2993909 37.138335))",2,31.2,Pre-1970,False
"POLYGON ((37.6337803 37.1868033, 37.6336623 37.1868263, 37.6336242 37.1867023, 37.6337423 37.1866793, 37.6337803 37.1868033))",,,N/A,
"POLYGON ((37.3847328 37.038761, 37.3847328 37.0387358, 37.3847165 37.0387358, 37.3847165 37.038761, 37.3847219 37.038761, 37.3847328 37.038761))",,,N/A,
"POLYGON ((37.3595847 37.1547475, 37.3594838 37.1547321, 37.3595025 37.1546538, 37.3596035 37.1546691, 37.3595847 37.1547475))",,,N/A,
"POLYGON ((37.3901431 37.0568795, 37.3900973 37.0568546, 37.3900791 37.0568759, 37.3900197 37.0568436, 37.3900541 37.0568033, 37.3900329 37.0567918, 37.3900646 37.0567546, 37.3901133 37.056781, 37.3901545 37.0567328, 37.3902322 37.056775, 37.3901431 37.0568795))",2,41.8,Pre-1970,True
"POLYGON ((36.9577503 37.2601269, 36.957871 37.2601139, 36.9578495 37.259988, 36.9577289 37.260001, 36.9577503 37.2601269))",,,N/A,
"POLYGON ((37.3858599 37.0523697, 37.3858957 37.0524085, 37.3859386 37.0523833, 37.3859028 37.0523445, 37.3858599 37.0523697))",1,32.6,Pre-1970,False
"POLYGON ((37.9431202 36.9529762, 37.9431671 36.9529977, 37.9431908 36.9529646, 37.9431438 36.9529431, 37.9431202 36.9529762))",,,N/A,
"POLYGON ((37.7423556 37.2511411, 37.7422508 37.2512636, 37.7421408 37.2512041, 37.7422456 37.2510815, 37.7423556 37.2511411))",,,N/A,
"POLYGON ((37.5052633 36.947131, 37.5053448 36.9471337, 37.5053406 36.947215, 37.5052591 36.9472123, 37.5052633 36.947131))",,,N/A,
"POLYGON ((37.3930939 37.0357229, 37.3931455 37.0357222, 37.3931449 37.0356946, 37.3930479 37.0356959, 37.3930491 37.0357548, 37.3930945 37.0357542, 37.3930939 37.0357229))",4,101.3,Pre-1970,False
"POLYGON ((37.6100708 37.2312779, 37.6101045 37.2313146, 37.6100054 37.2313722, 37.609972 37.2313358, 37.6100708 37.2312779))",,,N/A,
"POLYGON ((37.3228145 37.0371737, 37.3229587 37.0370795, 37.3231292 37.0372459, 37.322985 37.0373401, 37.3228145 37.0371737))",4,68.4,Pre-1970,False
"POLYGON ((37.353871 37.0430939, 37.3540151 37.0430999, 37.3540213 37.0430055, 37.3538772 37.0429994, 37.353871 37.0430939))",2,45.7,Pre-1970,False
"POLYGON ((36.7343051 36.9373684, 36.7343149 36.9373244, 36.7344885 36.9373493, 36.7344787 36.9373932, 36.7343051 36.9373684))",,,N/A,
"POLYGON ((37.3975769 37.0529523, 37.3976203 37.052976, 37.3976139 37.0529835, 37.3976326 37.0529938, 37.3976512 37.0529723, 37.397589 37.0529382, 37.3975769 37.0529523))",2,36.5,Pre-1970,False
"POLYGON ((37.3188573 37.0265751, 37.318856 37.0268856, 37.3188491 37.0268856, 37.3188491 37.026892, 37.318715 37.0268917, 37.3187159 37.0266647, 37.3187803 37.0266649, 37.3187806 37.0265749, 37.3188573 37.0265751))",1,20.0,1980-1989,False
"POLYGON ((37.4788911 37.3354001, 37.4789074 37.335436, 37.4788314 37.3354577, 37.4788151 37.3354218, 37.4788911 37.3354001))",,,N/A,
"POLYGON ((37.1883382 37.0154724, 37.1883022 37.0153927, 37.1882468 37.0154086, 37.1882829 37.0154884, 37.1883382 37.0154724))",,,N/A,
"POLYGON ((37.3908401 37.0607643, 37.3908406 37.0607128, 37.3907762 37.0607123, 37.3907756 37.0607638, 37.3908401 37.0607643))",2,34.7,Pre-1970,False
"POLYGON ((37.3644799 37.0433107, 37.3644758 37.0432346, 37.3645371 37.0432326, 37.3645384 37.0432559, 37.3645397 37.0432806, 37.3645412 37.0433087, 37.3644799 37.0433107))",4,68.6,Pre-1970,True
"POLYGON ((37.3496057 37.041016, 37.3495273 37.0409667, 37.3496704 37.0408217, 37.3497488 37.040871, 37.3496057 37.041016))",1,13.6,Pre-1970,True
"POLYGON ((37.3660274 37.0778361, 37.3659807 37.0777457, 37.3662309 37.0776797, 37.3662618 37.077777, 37.3660274 37.0778361))",2,46.2,Pre-1970,False
"POLYGON ((36.8382945 37.2278575, 36.8385239 37.2279215, 36.8389567 37.2269382, 36.8387271 37.2268741, 36.8382945 37.2278575))",,,N/A,
"POLYGON ((37.5127286 36.9669471, 37.5129135 36.9670025, 37.5128677 36.9671002, 37.5128286 36.9670885, 37.5128153 36.9671167, 37.5127354 36.9670927, 37.5127274 36.9671096, 37.5126616 36.9670899, 37.5127286 36.9669471))",3,53.9,Pre-1970,False
"POLYGON ((37.3818036 37.0845056, 37.3818244 37.084403, 37.3819491 37.0844191, 37.3819284 37.0845217, 37.3818036 37.0845056))",1,14.8,Pre-1970,True
"POLYGON ((37.3822783 37.0545328, 37.3823936 37.0545489, 37.3824115 37.0544669, 37.3822962 37.0544508, 37.3822783 37.0545328))",2,30.1,Pre-1970,True
"POLYGON ((37.3536659 37.03591, 37.3537017 37.0359423, 37.3536925 37.0359487, 37.3537347 37.0359868, 37.3537767 37.0359572, 37.3536988 37.0358868, 37.353684 37.0358972, 37.3536659 37.03591))",2,40.1,Pre-1970,False
"POLYGON ((37.7947322 36.8275682, 37.7946984 36.8275677, 37.7946978 36.8275891, 37.7945065 36.827586, 37.79451 36.8274499, 37.7945957 36.8274514, 37.7945952 36.8274737, 37.7947346 36.827476, 37.7947322 36.8275682))",,,N/A,
"POLYGON ((37.3727519 37.0776093, 37.3726657 37.0776117, 37.3726718 37.0777508, 37.3727579 37.0777484, 37.3727519 37.0776093))",3,60.2,Pre-1970,False
"POLYGON ((37.3456024 37.0539341, 37.345614 37.0538137, 37.3454961 37.0538065, 37.3454845 37.0539268, 37.3456024 37.0539341))",,,N/A,
"POLYGON ((37.4103597 37.0685845, 37.4103809 37.0685003, 37.4103274 37.0684917, 37.4103182 37.0685282, 37.4103383 37.0685314, 37.4103335 37.0685507, 37.4102868 37.0685432, 37.4102797 37.0685717, 37.4103597 37.0685845))",4,72.3,Pre-1970,False
"POLYGON ((37.5324918 37.0308018, 37.5326303 37.03096, 37.533074 37.0307126, 37.5329355 37.0305543, 37.5324918 37.0308018))",,,N/A,
"POLYGON ((37.5798007 37.0289571, 37.579936 37.0289961, 37.5799069 37.0290605, 37.579876 37.0290516, 37.5798494 37.0291103, 37.579745 37.0290802, 37.5798007 37.0289571))",1,20.6,Pre-1970,True
"POLYGON ((37.3781502 37.1042663, 37.3783184 37.1041622, 37.3784797 37.1043278, 37.3783115 37.1044319, 37.3781502 37.1042663))",4,74.7,Pre-1970,False
"POLYGON ((37.7002738 37.4759196, 37.7002771 37.4759919, 37.7001673 37.4759951, 37.700164 37.4759228, 37.7002738 37.4759196))",,,N/A,
"POLYGON ((37.6063958 37.2590024, 37.6063183 37.2589985, 37.6063222 37.2589496, 37.6063996 37.2589535, 37.6063958 37.2590024))",,,N/A,
"POLYGON ((37.3935422 37.0865147, 37.3936396 37.0865135, 37.3936361 37.0863371, 37.3935388 37.0863384, 37.3935422 37.0865147))",2,38.2,Pre-1970,True
"POLYGON ((37.4063593 37.0496894, 37.4063324 37.0496143, 37.4062732 37.0496279, 37.4062887 37.0496711, 37.4063019 37.049668, 37.4063133 37.0496999, 37.4063593 37.0496894))",1,32.6,Post-2010,True
"POLYGON ((37.8123894 37.4598434, 37.812206 37.4598391, 37.8122087 37.4597668, 37.8123921 37.4597711, 37.8123894 37.4598434))",,,N/A,
"POLYGON ((37.3400643 37.0149059, 37.3402883 37.0145161, 37.3400741 37.0144376, 37.3398502 37.0148274, 37.3400643 37.0149059))",1,19.3,Pre-1970,True
"POLYGON ((37.23031 37.0823405, 37.2305878 37.0823404, 37.2305878 37.0822641, 37.2303099 37.0822641, 37.23031 37.0823405))",,,N/A,
"POLYGON ((37.3470936 37.0471872, 37.3470816 37.0472084, 37.3470952 37.0472133, 37.347077 37.0472456, 37.3471028 37.0472549, 37.3470719 37.0473099, 37.3469943 37.0472821, 37.3470012 37.04727, 37.3469768 37.0472613, 37.3470309 37.0471648, 37.3470936 37.0471872))",,,N/A,
"POLYGON ((36.538106 36.8800332, 36.5382061 36.8800404, 36.5382186 36.8799297, 36.5383047 36.8799359, 36.5382906 36.8800615, 36.538256 36.880059, 36.5382439 36.8801667, 36.5380923 36.8801558, 36.538106 36.8800332))",,,N/A,
"POLYGON ((37.3879324 37.1247783, 37.3880132 37.1247116, 37.3879584 37.1246368, 37.3879117 37.1246585, 37.3879324 37.1247783))",2,42.5,Pre-1970,False
"POLYGON ((37.4113189 37.0628257, 37.4113502 37.0628388, 37.4113884 37.0627804, 37.4113571 37.0627674, 37.4113189 37.0628257))",2,33.8,Pre-1970,True
"POLYGON ((37.3808766 37.0527249, 37.380959 37.0527382, 37.3809671 37.0527064, 37.3809896 37.0526183, 37.3809071 37.052605, 37.3808766 37.0527249))",3,51.8,Pre-1970,False
"POLYGON ((37.7500573 36.9170936, 37.7497643 36.9170404, 37.7497884 36.9169555, 37.7500815 36.9170088, 37.7500573 36.9170936))",,,N/A,
"POLYGON ((37.3412368 37.0655083, 37.3412737 37.0653239, 37.3415311 37.0653567, 37.3414941 37.0655412, 37.3412368 37.0655083))",5,80.2,1980-1989,False
"POLYGON ((37.384814 37.0912255, 37.3848117 37.0912169, 37.3847472 37.0912276, 37.3847653 37.0912973, 37.3847942 37.0912925, 37.3847903 37.0912776, 37.384826 37.0912716, 37.384814 37.0912255))",2,36.0,Pre-1970,False
"POLYGON ((37.339469 37.0448959, 37.3394579 37.0449366, 37.3394186 37.0449297, 37.3394297 37.0448891, 37.339469 37.0448959))",2,35.4,Pre-1970,True
"POLYGON ((36.7969314 36.9311253, 36.7969702 36.9311259, 36.7969702 36.9310822, 36.7969322 36.9310828, 36.7969314 36.9311253))",,,N/A,
"POLYGON ((37.294825 36.9944127, 37.2949805 36.9944781, 37.2949462 36.9945301, 37.2949042 36.9945124, 37.2948501 36.9945946, 37.2947366 36.994547, 37.294825 36.9944127))",1,19.1,Pre-1970,False
"POLYGON ((37.557165 37.249564, 37.5573025 37.2496284, 37.5572245 37.2497339, 37.557087 37.2496695, 37.557165 37.249564))",,,N/A,
"POLYGON ((37.7521629 36.8993113, 37.7521245 36.8992105, 37.7522333 36.899184, 37.7523196 36.8992973, 37.7522076 36.8993246, 37.7521992 36.8993025, 37.7521629 36.8993113))",,,N/A,
"POLYGON ((37.3761993 37.0532995, 37.3762318 37.0532718, 37.3762001 37.0532481, 37.376133 37.0533053, 37.3761647 37.053329, 37.3761993 37.0532995))",3,49.6,Pre-1970,True
"POLYGON ((37.3886756 37.0866387, 37.3887147 37.0866335, 37.3888898 37.0865143, 37.3890042 37.0865041, 37.3891996 37.0864643, 37.389196 37.0867018, 37.3888215 37.0867338, 37.3886883 37.0866991, 37.3886756 37.0866387))",,,N/A,
"POLYGON ((37.3830538 37.0532342, 37.3833253 37.053221, 37.383337 37.0533887, 37.3829395 37.053399, 37.3830538 37.0532342))",1,32.1,Pre-1970,False
"POLYGON ((37.6829247 36.8518564, 37.6829451 36.8517614, 37.6836545 36.8518952, 37.6836302 36.8519809, 37.6829247 36.8518564))",,,N/A,
"POLYGON ((37.2043238 37.2596535, 37.2045057 37.2596461, 37.2045024 37.259595, 37.2045358 37.2595936, 37.2045339 37.2595648, 37.2046356 37.2595607, 37.2046408 37.2596416, 37.204606 37.259643, 37.2046097 37.2597005, 37.2045148 37.2597044, 37.2045184 37.2597597, 37.2043311 37.2597674, 37.2043238 37.2596535))",,,N/A,
"POLYGON ((37.3818135 37.0402033, 37.3818901 37.0401762, 37.3819548 37.0402924, 37.3818782 37.0403196, 37.3818135 37.0402033))",,,N/A,
"POLYGON ((37.3834952 37.0912652, 37.3835183 37.091265, 37.3835185 37.0912768, 37.3835551 37.0912765, 37.3835539 37.0911997, 37.383483 37.0912004, 37.3834835 37.091232, 37.3834947 37.0912319, 37.3834952 37.0912652))",4,111.5,Pre-1970,False
"POLYGON ((36.7258773 37.1832849, 36.7258811 37.1833596, 36.7258677 37.18336, 36.7258704 37.1834112, 36.7257446 37.1834154, 36.725738 37.1832895, 36.7258773 37.1832849))",,,N/A,
"POLYGON ((37.7052993 37.0904794, 37.7053451 37.0905159, 37.7053118 37.0905426, 37.705266 37.0905061, 37.7052993 37.0904794))",2,52.4,Pre-1970,False
"POLYGON ((37.7790199 36.9338008, 37.7789729 36.9338519, 37.7791204 36.9339388, 37.7791674 36.9338877, 37.7790199 36.9338008))",,,N/A,
"POLYGON ((37.3428602 37.1668345, 37.3428911 37.16649, 37.3431313 37.1665037, 37.3431483 37.1663144, 37.3433965 37.1663285, 37.3434138 37.166135, 37.343694 37.166151, 37.34371 37.1659737, 37.3438621 37.1659823, 37.3438517 37.166098, 37.3439051 37.166101, 37.3439009 37.1661478, 37.3440971 37.166159, 37.3440813 37.1663355, 37.3443493 37.1663508, 37.3443371 37.1664869, 37.3444252 37.1664919, 37.3444221 37.1665259, 37.3445903 37.1665355, 37.3445741 37.1667154, 37.3446915 37.1667221, 37.344675 37.1669059, 37.3446056 37.1669019, 37.3446003 37.1669614, 37.344351 37.1669472, 37.3443544 37.166909, 37.3442408 37.1669025, 37.3442399 37.1669131, 37.3428602 37.1668345))",1,15.4,Pre-1970,False
"POLYGON ((37.3714836 37.0517035, 37.3715133 37.0517231, 37.3715433 37.051694, 37.3715136 37.0516744, 37.3714836 37.0517035))",1,22.7,Pre-1970,True
"POLYGON ((37.7688551 36.7922559, 37.7689038 36.792285, 37.7689665 36.7922175, 37.7689178 36.7921885, 37.7688551 36.7922559))",,,N/A,
"POLYGON ((37.3548337 37.0350263, 37.3549293 37.0351252, 37.3549565 37.0351084, 37.3549232 37.035074, 37.3549711 37.0350444, 37.3549088 37.03498, 37.3548337 37.0350263))",3,47.4,Pre-1970,True
"POLYGON ((37.4475431 37.0491641, 37.4476129 37.0490968, 37.4474574 37.048994, 37.4473876 37.0490613, 37.4475431 37.0491641))",,,N/A,
"POLYGON ((37.3426493 37.0460209, 37.3427189 37.046022, 37.3427168 37.0461053, 37.3426472 37.0461042, 37.3426493 37.0460209))",2,43.0,Pre-1970,False
"POLYGON ((37.3766292 37.0952472, 37.3765966 37.0953474, 37.376476 37.0953224, 37.3765086 37.0952222, 37.3766292 37.0952472))",1,23.7,Pre-1970,False
"POLYGON ((37.3817694 37.0713309, 37.3819403 37.0712903, 37.3818948 37.0711682, 37.3817239 37.0712087, 37.3817694 37.0713309))",2,40.7,Pre-1970,True
"POLYGON ((36.9272697 37.1754881, 36.9273647 37.1755156, 36.927425 37.1753831, 36.92733 37.1753556, 36.9272697 37.1754881))",,,N/A,
"POLYGON ((37.494316 36.9839463, 37.4943878 36.9839423, 37.4943851 36.9839108, 37.4943814 36.983911, 37.4943782 36.9838745, 37.4943737 36.9838747, 37.4943709 36.9838416, 37.4943073 36.9838452, 37.494316 36.9839463))",2,38.9,Pre-1970,False
"POLYGON ((37.8030081 37.0101013, 37.8031414 37.0101636, 37.8031995 37.0100843, 37.8030662 37.010022, 37.8030081 37.0101013))",4,58.7,Pre-1970,False
"POLYGON ((37.3502801 37.037404, 37.3504457 37.0373772, 37.3504441 37.037371, 37.3504284 37.0373094, 37.3504275 37.0373057, 37.3503534 37.0373177, 37.3502619 37.0373326, 37.3502801 37.037404))",1,16.5,Pre-1970,False
"POLYGON ((37.4024758 37.0326042, 37.4022997 37.0326525, 37.4023113 37.0326795, 37.4021593 37.0327212, 37.4020863 37.0325517, 37.4024144 37.0324617, 37.4024758 37.0326042))",,,N/A,
"POLYGON ((37.3390142 37.0447325, 37.338964 37.0447305, 37.338955 37.0448719, 37.3390677 37.0448764, 37.3390727 37.0447979, 37.3390743 37.0447724, 37.3390271 37.0447705, 37.3390295 37.0447331, 37.3390142 37.0447325))",3,48.9,Pre-1970,False
"POLYGON ((37.3874546 37.1239255, 37.3873254 37.1239249, 37.3873244 37.1240509, 37.3874536 37.1240516, 37.3874546 37.1239255))",3,48.1,1990-1999,False
"POLYGON ((37.4119742 37.0379585, 37.4120098 37.0379592, 37.4120111 37.0379214, 37.4119755 37.0379207, 37.4119742 37.0379585))",3,49.4,Pre-1970,False
"POLYGON ((37.359763 37.0726063, 37.3598484 37.0724092, 37.3601048 37.0724799, 37.3600194 37.072677, 37.359763 37.0726063))",4,80.2,1990-1999,False
"POLYGON ((37.3995635 37.0527383, 37.3995926 37.0527561, 37.3996137 37.0527341, 37.3995846 37.0527163, 37.3995635 37.0527383))",2,50.3,Pre-1970,False
"POLYGON ((37.4348664 37.0179604, 37.4348757 37.0178743, 37.4349183 37.0178772, 37.434909 37.0179634, 37.4348664 37.0179604))",,,N/A,
"POLYGON ((37.3763761 37.0534234, 37.3764194 37.0534604, 37.3764727 37.0534206, 37.3764294 37.0533837, 37.3763761 37.0534234))",3,56.2,Pre-1970,True
"POLYGON ((36.9286593 37.1729167, 36.9286311 37.1729457, 36.9285904 37.1729207, 36.9286187 37.1728916, 36.9286593 37.1729167))",,,N/A,
"POLYGON ((37.3542501 37.0179991, 37.354257 37.0177893, 37.3545924 37.0177964, 37.3545856 37.0180061, 37.3542501 37.0179991))",4,94.6,Pre-1970,False
"POLYGON ((37.769209 36.8104142, 37.7693591 36.8104165, 37.7693574 36.8104874, 37.7693215 36.8104868, 37.7693221 36.8104602, 37.7692712 36.8104594, 37.7692703 36.8104946, 37.769207 36.8104936, 37.769209 36.8104142))",,,N/A,
"POLYGON ((37.4130446 37.0012096, 37.4131946 37.0012173, 37.4132055 37.0010811, 37.4130555 37.0010734, 37.4130446 37.0012096))",,,N/A,
"POLYGON ((37.3619744 37.1507641, 37.3619289 37.1508643, 37.3617345 37.1508081, 37.36178 37.150708, 37.3619744 37.1507641))",,,N/A,
"POLYGON ((37.4059242 37.0506204, 37.4059238 37.0505615, 37.4060159 37.0505611, 37.406016 37.0505812, 37.4060268 37.0505811, 37.4060269 37.0505911, 37.4060493 37.050591, 37.4060492 37.0505763, 37.4060491 37.0505698, 37.4060681 37.0505697, 37.4060682 37.0505831, 37.4060926 37.050583, 37.4060929 37.0506197, 37.4060702 37.0506198, 37.4059242 37.0506204))",2,39.8,2000-2009,False
"POLYGON ((37.3677497 37.0450719, 37.3677099 37.0450297, 37.367564 37.0451173, 37.3676038 37.0451596, 37.3677497 37.0450719))",3,67.9,Pre-1970,True
"POLYGON ((37.9712034 37.0369813, 37.9711838 37.0369222, 37.9712798 37.0369019, 37.971254 37.0368244, 37.9711472 37.0368471, 37.9711214 37.03677, 37.9714604 37.0366979, 37.971488 37.0367808, 37.971365 37.0368069, 37.9713916 37.0368867, 37.9714602 37.0368721, 37.9714772 37.0369232, 37.9712034 37.0369813))",,,N/A,
"POLYGON ((37.3617675 37.0873174, 37.3618392 37.0872841, 37.3619017 37.0872551, 37.3619255 37.0872877, 37.3617913 37.08735, 37.3617675 37.0873174))",2,37.9,Pre-1970,True
"POLYGON ((36.5556905 36.9420613, 36.5556694 36.9419502, 36.5558776 36.9419249, 36.5558987 36.942036, 36.5556905 36.9420613))",,,N/A,
"POLYGON ((37.3737704 36.9558494, 37.3737658 36.9557312, 37.3738521 36.9557324, 37.3738567 36.9558457, 37.3737704 36.9558494))",,,N/A,
"POLYGON ((37.5364968 37.0324381, 37.5367025 37.0326086, 37.5368589 37.0324884, 37.5366532 37.0323179, 37.5364968 37.0324381))",,,N/A,
"POLYGON ((36.6369683 37.0130676, 36.6370206 37.0130724, 36.6369796 37.013095, 36.6369259 37.013095, 36.6369259 37.0130479, 36.6369657 37.0130466, 36.6369683 37.0130676))",,,N/A,
"POLYGON ((37.3823431 37.087545, 37.3823542 37.0874896, 37.3824943 37.0875075, 37.3824913 37.0875221, 37.382575 37.0875327, 37.3825625 37.0875953, 37.3824773 37.0875845, 37.3824817 37.0875627, 37.3823431 37.087545))",,,N/A,
"POLYGON ((37.1737666 37.1163558, 37.1737664 37.1163204, 37.1737214 37.1163206, 37.1737217 37.116356, 37.1737666 37.1163558))",,,N/A,
"POLYGON ((37.4092772 37.0736259, 37.4091734 37.0736708, 37.4092176 37.073736, 37.4092668 37.0738084, 37.4092722 37.0738163, 37.409376 37.0737714, 37.4092772 37.0736259))",,,N/A,
"POLYGON ((37.4156748 37.0447061, 37.4157048 37.0447487, 37.4157786 37.0447156, 37.4157676 37.0446999, 37.4157485 37.044673, 37.4156748 37.0447061))",2,32.0,Pre-1970,True
"POLYGON ((37.368155 37.0917426, 37.3681004 37.0916594, 37.368042 37.0916838, 37.3680648 37.0917187, 37.3680788 37.0917128, 37.3681024 37.0917488, 37.3681105 37.0917612, 37.3681378 37.0917498, 37.368155 37.0917426))",2,46.1,Pre-1970,False
"POLYGON ((37.4151097 37.0488643, 37.4150518 37.0488871, 37.4150147 37.0488268, 37.4150398 37.0488169, 37.4150331 37.048806, 37.4149985 37.0488196, 37.4150423 37.0488907, 37.4150083 37.0489041, 37.4149937 37.0488805, 37.414982 37.0488851, 37.4149354 37.0488093, 37.4150485 37.0487649, 37.4151097 37.0488643))",,,N/A,
"POLYGON ((36.670159 37.1289074, 36.6703182 37.1288533, 36.6702894 37.128813, 36.6701156 37.1288621, 36.670159 37.1289074))",,,N/A,
"POLYGON ((37.3668254 37.0504739, 37.3668724 37.0504745, 37.3668892 37.0504747, 37.3668906 37.0504033, 37.3668739 37.0504031, 37.3668139 37.0504025, 37.366813 37.050449, 37.3668209 37.050449, 37.3668208 37.0504739, 37.3668254 37.0504739))",3,42.4,Pre-1970,False
"POLYGON ((37.3688583 37.0803591, 37.3689471 37.08036, 37.3689479 37.0803109, 37.3688592 37.08031, 37.3688583 37.0803591))",2,37.4,Pre-1970,True
"POLYGON ((37.3509324 37.0455191, 37.3509358 37.0455057, 37.3508116 37.0454856, 37.3507823 37.045601, 37.3508089 37.0456053, 37.3509065 37.0456211, 37.3509324 37.0455191))",,,N/A,
"POLYGON ((37.5125485 37.2553988, 37.512549 37.2554261, 37.5125953 37.2554256, 37.5125948 37.2553983, 37.5125485 37.2553988))",,,N/A,
"POLYGON ((36.9588143 37.2595762, 36.9588842 37.2595949, 36.9589204 37.2595094, 36.958983 37.2595261, 36.9589274 37.2596577, 36.9587949 37.2596222, 36.9588143 37.2595762))",,,N/A,
"POLYGON ((37.4151534 37.0524097, 37.4150614 37.0524476, 37.4150127 37.0523725, 37.4151047 37.0523345, 37.4151534 37.0524097))",4,81.5,Pre-1970,False
"POLYGON ((37.3408262 37.1902751, 37.3408299 37.1893392, 37.3422554 37.1893428, 37.3422517 37.1902787, 37.3408262 37.1902751))",,,N/A,
"POLYGON ((37.390231 37.0433801, 37.3902901 37.0433554, 37.390229 37.0432628, 37.39017 37.0432876, 37.390231 37.0433801))",1,16.3,Pre-1970,True
"POLYGON ((37.4082132 37.0727466, 37.4082418 37.0727457, 37.4082407 37.072722, 37.4082121 37.0727228, 37.4082132 37.0727466))",1,25.5,Pre-1970,False
"POLYGON ((36.7147709 37.1669343, 36.7148983 37.1670179, 36.7150057 37.166914, 36.7148783 37.1668304, 36.7147709 37.1669343))",,,N/A,
"POLYGON ((37.3984615 37.0522729, 37.398479 37.0522581, 37.3984691 37.0522506, 37.3984516 37.0522654, 37.3984615 37.0522729))",1,15.9,1980-1989,True
"POLYGON ((37.3804557 36.9567014, 37.380784 36.9568028, 37.380953 36.9564535, 37.3806247 36.9563521, 37.3804557 36.9567014))",2,37.8,1980-1989,False
"POLYGON ((37.299681 37.1391872, 37.2997733 37.1391838, 37.2997766 37.1392415, 37.2996844 37.1392449, 37.299681 37.1391872))",2,38.3,Pre-1970,False
"POLYGON ((37.3638361 37.086888, 37.3636738 37.0869566, 37.3635899 37.0868302, 37.3637522 37.0867617, 37.3637979 37.0868304, 37.3638361 37.086888))",2,41.4,Pre-1970,False
"POLYGON ((36.6308204 36.9039775, 36.6306596 36.9039731, 36.6306625 36.9039046, 36.6308233 36.9039089, 36.6308204 36.9039775))",,,N/A,
"POLYGON ((37.3581323 37.0449926, 37.358038 37.0448936, 37.358063 37.0448784, 37.3580299 37.0448436, 37.3579623 37.0448845, 37.3580498 37.0449765, 37.3580897 37.0450184, 37.3581323 37.0449926))",,,N/A,
"POLYGON ((37.3770362 36.9862269, 37.3770639 36.9862358, 37.3770808 36.9862018, 37.3770532 36.986193, 37.3770362 36.9862269))",1,26.7,Pre-1970,False
"POLYGON ((37.3691001 37.0905081, 37.369137 37.0905497, 37.3691818 37.0905245, 37.3691636 37.0905038, 37.369145 37.0904828, 37.3691157 37.0904993, 37.3691001 37.0905081))",3,45.1,Pre-1970,True
"POLYGON ((37.9580079 36.9866029, 37.9580063 36.9866307, 37.9580984 36.9866341, 37.958094 36.986711, 37.9579323 36.9867051, 37.9579308 36.9867307, 37.9578502 36.9867278, 37.9578577 36.9865974, 37.9580079 36.9866029))",,,N/A,
"POLYGON ((37.3799085 37.0972814, 37.3797422 37.0972049, 37.3798005 37.0971242, 37.3799668 37.0972007, 37.3799085 37.0972814))",1,18.2,Pre-1970,False
"POLYGON ((36.5774573 36.9243292, 36.5773898 36.924363, 36.5773367 36.9242951, 36.5773649 36.9242811, 36.5773775 36.9242972, 36.5774168 36.9242775, 36.5774573 36.9243292))",,,N/A,
"POLYGON ((37.3776763 37.0904839, 37.377679 37.0904171, 37.3777359 37.0904185, 37.3777333 37.0904853, 37.3776763 37.0904839))",2,30.4,Pre-1970,False
"POLYGON ((37.373043 37.0821029, 37.373043 37.0820535, 37.3730558 37.0820535, 37.3730558 37.0821029, 37.373043 37.0821029))",,,N/A,
"POLYGON ((36.7796946 37.0847259, 36.7796965 37.0846706, 36.7797519 37.0846718, 36.7797499 37.0847272, 36.7796946 37.0847259))",,,N/A,
"POLYGON ((36.6251353 37.0018356, 36.6251393 37.0020229, 36.6251259 37.0020231, 36.6251298 37.0022041, 36.6248527 37.002208, 36.6248525 37.0022015, 36.6243816 37.002208, 36.6243794 37.0021074, 36.6242239 37.0021095, 36.6242245 37.0021362, 36.624262 37.0021357, 36.6242633 37.0021968, 36.6241105 37.0021989, 36.6241095 37.0021561, 36.6240254 37.0021573, 36.6240221 37.0020052, 36.6240044 37.0020055, 36.6240004 37.0018213, 36.6241398 37.0018194, 36.6241418 37.0019125, 36.6242008 37.0019116, 36.6241991 37.0018336, 36.6244136 37.0018306, 36.6244156 37.0019205, 36.624488 37.0019195, 36.6244862 37.001836, 36.6247184 37.0018328, 36.6247204 37.0019237, 36.6248421 37.001922, 36.6248403 37.0018397, 36.6251353 37.0018356))",1,22.8,Pre-1970,False
"POLYGON ((37.4334995 37.0790952, 37.433593 37.0790138, 37.4336804 37.0789377, 37.4335957 37.0788757, 37.4334148 37.0790333, 37.4334995 37.0790952))",1,18.4,Pre-1970,True
"POLYGON ((37.420458 37.0621116, 37.4204934 37.0621445, 37.4206196 37.0620629, 37.4206328 37.0620538, 37.4205974 37.062021, 37.42056 37.0620456, 37.420458 37.0621116))",2,51.9,Pre-1970,False
"POLYGON ((37.4449803 37.0841802, 37.445063 37.0841778, 37.4450549 37.0840002, 37.4449722 37.0840026, 37.4449803 37.0841802))",1,23.0,Pre-1970,False
"POLYGON ((37.9342473 37.444912, 37.9341273 37.444917, 37.9341226 37.4448457, 37.9342426 37.4448407, 37.9342473 37.444912))",,,N/A,
"POLYGON ((37.3809446 37.0512219, 37.3809714 37.0510732, 37.3809283 37.0510682, 37.380886 37.0510634, 37.3808593 37.0512121, 37.3809446 37.0512219))",2,51.6,Pre-1970,False
"POLYGON ((37.3973105 37.173318, 37.3974656 37.1733602, 37.3975405 37.1733805, 37.397565 37.1733234, 37.3975003 37.1733058, 37.3975267 37.1732441, 37.3973613 37.1731991, 37.3973105 37.173318))",2,47.5,Pre-1970,False
"POLYGON ((37.377435 37.0512406, 37.3774716 37.0512537, 37.3774951 37.0512119, 37.3774585 37.0511988, 37.377435 37.0512406))",1,19.4,Pre-1970,False
"POLYGON ((37.8360006 37.3186939, 37.8360863 37.3186916, 37.8360896 37.3187705, 37.8360039 37.3187728, 37.8360006 37.3186939))",,,N/A,
"POLYGON ((36.6407534 37.0226016, 36.6407314 37.0227107, 36.6408654 37.022728, 36.6408874 37.0226189, 36.6407534 37.0226016))",1,26.7,Pre-1970,False
"POLYGON ((37.4103128 37.0434235, 37.4103908 37.0433235, 37.4104504 37.0433531, 37.4104247 37.043386, 37.4104886 37.0434177, 37.4104579 37.0434571, 37.4104248 37.0434406, 37.4104032 37.0434684, 37.4103128 37.0434235))",3,62.9,Pre-1970,False
"POLYGON ((37.4536726 37.080784, 37.4535593 37.0805528, 37.4534826 37.0805767, 37.4535065 37.0806255, 37.4535173 37.0806221, 37.4535328 37.0806539, 37.4535592 37.0806456, 37.4536167 37.0807629, 37.4535879 37.0807719, 37.453575 37.0807456, 37.4535662 37.0807484, 37.4535884 37.0807936, 37.453617 37.0807847, 37.4536781 37.0809092, 37.4536371 37.080922, 37.4536172 37.0808815, 37.4534978 37.0809188, 37.4534898 37.0809026, 37.4533675 37.0809407, 37.4533412 37.0808871, 37.452825 37.0810482, 37.4528617 37.0811232, 37.4527326 37.0811635, 37.452546 37.080783, 37.45268 37.0807411, 37.4527234 37.0808296, 37.4533571 37.0806319, 37.4533146 37.0805453, 37.453661 37.0804372, 37.4537104 37.080538, 37.4541993 37.0803855, 37.4541331 37.0802505, 37.4541597 37.0802422, 37.454175 37.0802733, 37.4542112 37.080262, 37.4541959 37.0802309, 37.4542304 37.0802201, 37.4542499 37.0802598, 37.4542983 37.0802447, 37.4544803 37.080616, 37.4543257 37.0806642, 37.4542899 37.0805913, 37.4536726 37.080784))",,,N/A,
"POLYGON ((37.5939987 37.3345558, 37.5940009 37.3344955, 37.5940355 37.3344963, 37.5940333 37.3345566, 37.5939987 37.3345558))",,,N/A,
"POLYGON ((37.336995 37.0581985, 37.3370041 37.0580602, 37.3370061 37.0580302, 37.337123 37.0580351, 37.337112 37.0582034, 37.336995 37.0581985))",2,58.4,1980-1989,False
"POLYGON ((37.3975816 36.9450226, 37.3976463 36.9450474, 37.3976933 36.9449692, 37.3976286 36.9449444, 37.3975816 36.9450226))",,,N/A,
"POLYGON ((37.8347484 37.3201707, 37.8349836 37.3201892, 37.8349745 37.3202623, 37.8347393 37.3202437, 37.8347484 37.3201707))",,,N/A,
"POLYGON ((37.4091509 37.0398176, 37.4092334 37.0398277, 37.4092443 37.0397709, 37.4092207 37.039768, 37.4092292 37.0397238, 37.4091703 37.0397166, 37.4091509 37.0398176))",2,40.9,Pre-1970,True
"POLYGON ((37.3846614 37.0990008, 37.3847339 37.099026, 37.3847955 37.0989131, 37.3847231 37.0988879, 37.3846614 37.0990008))",2,31.3,Pre-1970,True
"POLYGON ((37.4119451 37.0696398, 37.4119483 37.0696288, 37.4119116 37.0696221, 37.4119204 37.0695915, 37.4118876 37.0695855, 37.4118825 37.0696031, 37.4118788 37.0696161, 37.4118483 37.0696105, 37.4118389 37.0696432, 37.4119389 37.0696615, 37.4119451 37.0696398))",2,42.0,Pre-1970,False
"POLYGON ((37.9546067 37.4512902, 37.9547447 37.4512819, 37.9547373 37.4512038, 37.9546437 37.4512094, 37.9546417 37.4511885, 37.9545973 37.4511911, 37.9546067 37.4512902))",,,N/A,
"POLYGON ((37.4064205 37.0419404, 37.4065209 37.0419549, 37.4065505 37.0417939, 37.4064471 37.0417875, 37.4064205 37.0419404))",3,56.7,Pre-1970,True
"POLYGON ((36.8642878 37.0547364, 36.8643594 37.0547424, 36.8643478 37.0548313, 36.8642762 37.0548254, 36.8642878 37.0547364))",,,N/A,
"POLYGON ((37.4030066 37.0408422, 37.4030055 37.0407646, 37.4031218 37.0407635, 37.4031229 37.0408411, 37.4030066 37.0408422))",2,34.3,1990-1999,True
"POLYGON ((37.4053598 37.0481522, 37.4053154 37.0481051, 37.40525 37.0481444, 37.4052944 37.0481914, 37.4053598 37.0481522))",2,48.4,Pre-1970,False
"POLYGON ((37.5676228 37.3192476, 37.5676264 37.3192118, 37.5676829 37.3192154, 37.5676793 37.3192512, 37.5676228 37.3192476))",1,16.0,Pre-1970,True
"POLYGON ((37.6260233 36.7308539, 37.6259913 36.7308974, 37.6258373 36.7308247, 37.6257933 36.7308846, 37.6257578 36.7308678, 37.6258339 36.7307644, 37.6260233 36.7308539))",,,N/A,
"POLYGON ((37.0776691 37.0490175, 37.0777128 37.0488993, 37.0779077 37.0489451, 37.0778641 37.0490633, 37.0776691 37.0490175))",,,N/A,
"POLYGON ((37.4841446 36.880732, 37.4845067 36.8809186, 37.485341 36.879883, 37.4849789 36.8796964, 37.4841446 36.880732))",,,N/A,
"POLYGON ((36.7595027 36.9343451, 36.7596265 36.9343216, 36.7595988 36.9342285, 36.7594751 36.934252, 36.7595027 36.9343451))",,,N/A,
"POLYGON ((37.6341464 36.8810553, 37.634236 36.8811986, 37.6341415 36.8812364, 37.6341201 36.881202, 37.6340526 36.881229, 37.6339845 36.8811199, 37.6341464 36.8810553))",,,N/A,
"POLYGON ((37.3863783 37.0921447, 37.3864746 37.0921332, 37.3864599 37.0920547, 37.3863636 37.0920662, 37.3863783 37.0921447))",3,52.8,Pre-1970,True
"POLYGON ((37.4012397 37.090818, 37.4012444 37.0908431, 37.4011919 37.0908493, 37.4011962 37.0908723, 37.4011191 37.0908815, 37.4011004 37.090781, 37.4013418 37.0907523, 37.4013516 37.0908047, 37.4012397 37.090818))",,,N/A,
"POLYGON ((37.4683999 37.235615, 37.468542 37.2356126, 37.4685459 37.235761, 37.4684038 37.2357634, 37.4683999 37.235615))",,,N/A,
"POLYGON ((37.3568553 37.0366161, 37.3566976 37.0366419, 37.3566788 37.0365685, 37.3568645 37.0365381, 37.3568774 37.0365884, 37.3568493 37.036593, 37.3568553 37.0366161))",,,N/A,
"POLYGON ((37.3541225 37.0368386, 37.3540376 37.0368714, 37.3540122 37.0368296, 37.3539853 37.0367855, 37.3539474 37.0367231, 37.3538991 37.0367419, 37.3538899 37.0367268, 37.3538762 37.0367043, 37.3539618 37.0366711, 37.3540007 37.0367352, 37.3540484 37.0367167, 37.3541225 37.0368386))",,,N/A,
"POLYGON ((38.0261607 36.8753425, 38.0262268 36.8753119, 38.0261771 36.8752434, 38.0261111 36.875274, 38.0261607 36.8753425))",,,N/A,
"POLYGON ((37.3818853 37.0545328, 37.3819355 37.0544527, 37.3818175 37.0544056, 37.3817673 37.0544857, 37.3818853 37.0545328))",2,35.9,Pre-1970,False
"POLYGON ((37.8361356 36.946545, 37.8360262 36.9465331, 37.8360516 36.9463837, 37.8362953 36.9464101, 37.8362769 36.9465188, 37.8361425 36.9465042, 37.8361356 36.946545))",,,N/A,
"POLYGON ((37.3050098 37.0996017, 37.3051592 37.0996414, 37.3052277 37.0994776, 37.3050783 37.0994379, 37.3050098 37.0996017))",2,40.1,Pre-1970,False
"POLYGON ((37.358862 37.0535475, 37.3587718 37.0535429, 37.3587754 37.0534986, 37.3588104 37.0535004, 37.3588113 37.0534895, 37.3587926 37.0534885, 37.3587921 37.0534949, 37.3587556 37.053493, 37.3587591 37.0534494, 37.3588695 37.0534551, 37.358862 37.0535475))",1,20.6,Pre-1970,True
"POLYGON ((37.3459342 37.0492599, 37.345785 37.0492392, 37.3458086 37.0491308, 37.3459578 37.0491515, 37.3459342 37.0492599))",,,N/A,
"POLYGON ((37.8147711 37.0827451, 37.8149573 37.0827344, 37.8149518 37.0826731, 37.8148986 37.0826762, 37.8148967 37.082656, 37.8147637 37.0826637, 37.8147711 37.0827451))",,,N/A,
"POLYGON ((37.7362151 37.4062022, 37.7362283 37.4063034, 37.7361684 37.4063083, 37.7361552 37.4062071, 37.7362151 37.4062022))",,,N/A,
"POLYGON ((37.2500525 37.3027546, 37.2501132 37.3027405, 37.2501118 37.3027366, 37.2502353 37.3027079, 37.2502577 37.3027688, 37.2500735 37.3028116, 37.2500525 37.3027546))",,,N/A,
"POLYGON ((37.9237744 36.9166227, 37.9238161 36.916622, 37.923817 36.9166555, 37.9239254 36.9166536, 37.9239273 36.9167265, 37.9237772 36.916729, 37.9237744 36.9166227))",,,N/A,
"POLYGON ((37.4126852 36.9327739, 37.4127898 36.9327932, 37.4128037 36.9327449, 37.4126991 36.9327256, 37.4126852 36.9327739))",1,19.1,Pre-1970,False
"POLYGON ((37.410464 37.0440878, 37.41047 37.0440432, 37.4105472 37.04405, 37.4105411 37.0440945, 37.410464 37.0440878))",1,15.5,Pre-1970,False
"POLYGON ((37.3429478 37.0452411, 37.3430242 37.045242, 37.3430564 37.0452423, 37.3430606 37.0452424, 37.3430621 37.0451588, 37.3430273 37.0451584, 37.3430276 37.0451427, 37.3429495 37.0451418, 37.3429478 37.0452411))",2,32.7,Pre-1970,True
"POLYGON ((37.2509744 37.3015912, 37.2510777 37.3014829, 37.2511764 37.3015424, 37.2510731 37.3016508, 37.2509744 37.3015912))",,,N/A,
"POLYGON ((37.3983963 37.0655452, 37.3983506 37.0652835, 37.3987243 37.0652846, 37.3987747 37.0652674, 37.3988544 37.0653923, 37.3985 37.0655847, 37.3984947 37.0655361, 37.3983963 37.0655452))",1,21.9,Pre-1970,False
"POLYGON ((37.2871041 37.1373822, 37.287068 37.137309, 37.2868534 37.1373763, 37.2868896 37.1374495, 37.2871041 37.1373822))",,,N/A,
"POLYGON ((37.3573296 37.0465806, 37.3572347 37.0465908, 37.3572241 37.0465277, 37.3573189 37.0465175, 37.3573296 37.0465806))",1,15.0,Pre-1970,True
"POLYGON ((36.9264701 37.1711004, 36.9265737 37.1711349, 36.9264731 37.1713266, 36.9263694 37.171292, 36.9264701 37.1711004))",,,N/A,
"POLYGON ((37.3956238 37.0579478, 37.3956109 37.0578365, 37.3953105 37.057869, 37.3953362 37.0579786, 37.3956238 37.0579478))",1,18.1,Pre-1970,False
"POLYGON ((37.1251344 37.1355324, 37.1251609 37.1354165, 37.1251635 37.1354169, 37.1251796 37.1353465, 37.1252678 37.1353594, 37.1252546 37.1354173, 37.1253376 37.1354294, 37.1253173 37.1355184, 37.1252202 37.1355043, 37.1252112 37.1355436, 37.1251344 37.1355324))",,,N/A,
"POLYGON ((37.3822664 37.0433385, 37.3821898 37.0433401, 37.3821909 37.0433727, 37.3822675 37.0433711, 37.3822664 37.0433385))",2,41.0,Pre-1970,True
"POLYGON ((36.6153675 37.0621976, 36.6153923 37.0620674, 36.6154937 37.0620798, 36.6154689 37.06221, 36.6153675 37.0621976))",,,N/A,
"POLYGON ((37.0228412 37.2406918, 37.0227915 37.2406773, 37.0227785 37.2407055, 37.0226887 37.2406793, 37.022752 37.2405419, 37.0227875 37.2405523, 37.0227762 37.2405767, 37.0228505 37.2405984, 37.0228479 37.2406041, 37.0228776 37.2406127, 37.0228412 37.2406918))",,,N/A,
"POLYGON ((37.2427315 36.9177004, 37.243015 36.9177248, 37.243037 36.9175613, 37.2427535 36.9175369, 37.2427315 36.9177004))",,,N/A,
"POLYGON ((37.5946179 37.1087793, 37.5947843 37.1087958, 37.5947628 37.1089341, 37.5945964 37.1089176, 37.5946179 37.1087793))",,,N/A,
"POLYGON ((37.5794659 37.0293335, 37.579469 37.0292629, 37.579686 37.0292691, 37.5796846 37.0293012, 37.579698 37.0293016, 37.5797018 37.029216, 37.5797688 37.0292179, 37.5797632 37.029342, 37.5794659 37.0293335))",1,31.8,Pre-1970,False
"POLYGON ((37.7720086 37.2161509, 37.7721602 37.2161509, 37.7721602 37.2160687, 37.7720086 37.2160687, 37.7720086 37.2161509))",,,N/A,
"POLYGON ((37.3464473 37.0539831, 37.3463866 37.0539811, 37.346385 37.0540126, 37.3464348 37.0540142, 37.3464458 37.0540146, 37.3464473 37.0539831))",3,112.3,Pre-1970,True
"POLYGON ((37.3452655 37.0436134, 37.3453704 37.0436665, 37.3453975 37.0436324, 37.3454282 37.0435937, 37.3454149 37.043587, 37.3454094 37.0435842, 37.3453233 37.0435406, 37.3452655 37.0436134))",2,39.5,Pre-1970,False
"POLYGON ((37.4984565 36.9803478, 37.498495 36.9803477, 37.4984951 36.9803639, 37.4985404 36.9803638, 37.4985403 36.980318, 37.4985145 36.9803181, 37.4985145 36.9803135, 37.4985038 36.9803135, 37.4985038 36.9803068, 37.4984638 36.9803068, 37.4984639 36.9803285, 37.4984565 36.9803285, 37.4984565 36.9803478))",2,43.9,Pre-1970,True
"POLYGON ((37.4231381 37.0881324, 37.4232863 37.0879705, 37.4234414 37.0880608, 37.4232932 37.0882227, 37.4231381 37.0881324))",3,67.7,Pre-1970,False
"POLYGON ((37.4326047 37.050506, 37.432679 37.0504375, 37.432563 37.0503572, 37.4324886 37.0504257, 37.4326047 37.050506))",3,53.6,Pre-1970,True
"POLYGON ((37.3458517 37.0539463, 37.3457194 37.0539427, 37.3457231 37.0538563, 37.3458554 37.0538599, 37.3458517 37.0539463))",2,30.5,1980-1989,True
"POLYGON ((37.8500401 36.7804798, 37.8501563 36.7805043, 37.8501801 36.7804317, 37.850064 36.7804072, 37.8500401 36.7804798))",,,N/A,
"POLYGON ((36.712336 37.1672949, 36.7123969 37.1673405, 36.7124599 37.1672872, 36.7123989 37.1672415, 36.712336 37.1672949))",,,N/A,
"POLYGON ((37.3819095 37.043902, 37.3819144 37.0439666, 37.382025 37.0439613, 37.3820201 37.0438966, 37.3819095 37.043902))",1,25.0,Pre-1970,True
"POLYGON ((37.9039854 36.869075, 37.90395 36.869189, 37.9038844 36.8691759, 37.9039198 36.869062, 37.9039854 36.869075))",,,N/A,
"POLYGON ((37.3176376 37.0572208, 37.3176844 37.0570786, 37.3178686 37.0571172, 37.3178219 37.0572594, 37.3176376 37.0572208))",1,19.7,1970-1979,False
"POLYGON ((37.7798918 37.0137213, 37.7800228 37.0137199, 37.7800932 37.0137191, 37.7800916 37.0135496, 37.7800137 37.0135506, 37.7800166 37.0136324, 37.7798903 37.0136337, 37.7798918 37.0137213))",3,76.9,Pre-1970,False
"POLYGON ((37.4496792 36.8875322, 37.4494144 36.8875856, 37.4493957 36.8875262, 37.4495899 36.8874871, 37.4495679 36.8874173, 37.4496385 36.8874031, 37.4496792 36.8875322))",,,N/A,
"POLYGON ((37.3964103 37.0879339, 37.3954903 37.0879205, 37.3954791 37.0880324, 37.3953557 37.0882248, 37.3953837 37.0884754, 37.3956308 37.0884695, 37.395642 37.0887079, 37.3954959 37.088682, 37.3953108 37.0892943, 37.3951818 37.0897463, 37.3951033 37.0897329, 37.3951818 37.0893883, 37.3946601 37.0892943, 37.3946376 37.0893525, 37.3945311 37.0893391, 37.3944918 37.0894554, 37.3946208 37.0894823, 37.3945591 37.0896389, 37.3943515 37.0896031, 37.3940093 37.0907666, 37.394172 37.0908829, 37.394374 37.0909142, 37.3943459 37.0910485, 37.3945423 37.0910887, 37.3945872 37.0909814, 37.3946993 37.0909903, 37.394632 37.0912364, 37.3945198 37.0912185, 37.3944862 37.0914199, 37.3948676 37.0919345, 37.3951874 37.0918271, 37.3954118 37.0910753, 37.3955296 37.0910798, 37.3957764 37.090158, 37.3958381 37.0901669, 37.3962757 37.0887036, 37.3962981 37.0883859, 37.3963935 37.088189, 37.3964103 37.0879339))",,,N/A,
"POLYGON ((37.3325987 37.0479597, 37.3326681 37.0478987, 37.3327227 37.0479381, 37.3326824 37.0479735, 37.3326533 37.0479992, 37.3325987 37.0479597))",2,31.7,2000-2009,False
"POLYGON ((37.1360909 37.1467581, 37.1362054 37.1467821, 37.1362311 37.1467365, 37.1361539 37.1467034, 37.1361796 37.146635, 37.1361596 37.1466396, 37.136151 37.1466738, 37.1361295 37.146684, 37.1360909 37.1467581))",,,N/A,
"POLYGON ((37.3029993 37.1034735, 37.3030474 37.1034742, 37.3030724 37.1034115, 37.303028 37.1034152, 37.3029993 37.1034735))",1,31.6,Pre-1970,False
"POLYGON ((37.3864629 37.0463841, 37.3864646 37.0464171, 37.386516 37.0464154, 37.3865143 37.0463824, 37.3864629 37.0463841))",2,45.5,Pre-1970,False
"POLYGON ((37.9901544 36.9142083, 37.9901587 36.9141342, 37.9902845 36.9141389, 37.9902801 36.914213, 37.9901544 36.9142083))",,,N/A,
"POLYGON ((37.400456 37.0521929, 37.4005411 37.052107, 37.4004776 37.0520669, 37.4003925 37.0521528, 37.400456 37.0521929))",1,21.3,Pre-1970,True
"POLYGON ((37.9116581 36.9199679, 37.9115364 36.9199307, 37.9115794 36.9198407, 37.9117012 36.9198779, 37.9116581 36.9199679))",,,N/A,
"POLYGON ((37.3873826 37.0677437, 37.3874296 37.067743, 37.3874302 37.0677673, 37.3874369 37.0677672, 37.3874375 37.0677936, 37.3873837 37.0677944, 37.3873826 37.0677437))",1,18.3,2000-2009,True
"POLYGON ((37.9688414 36.9051391, 37.9688712 36.905003, 37.9690551 36.9050288, 37.9690252 36.9051649, 37.9688414 36.9051391))",,,N/A,
"POLYGON ((37.80169 37.0079892, 37.8019974 37.0079392, 37.8019769 37.0078591, 37.8016695 37.0079092, 37.80169 37.0079892))",3,47.1,Pre-1970,False
"POLYGON ((37.331905 36.997246, 37.3319807 36.9972309, 37.3319997 36.9972913, 37.3319239 36.9973065, 37.331905 36.997246))",,,N/A,
"POLYGON ((37.7975778 37.0162579, 37.7977389 37.0163029, 37.7978677 37.0160089, 37.7977118 37.0159656, 37.7976963 37.0159969, 37.7976587 37.016073, 37.7976018 37.0162031, 37.7975907 37.0162284, 37.7975778 37.0162579))",3,64.2,Pre-1970,False
"POLYGON ((37.6183762 37.4683301, 37.6186184 37.4683668, 37.6186087 37.4684071, 37.6185466 37.4683977, 37.6185367 37.4684387, 37.6184694 37.4684286, 37.6184591 37.4684717, 37.6183463 37.4684546, 37.6183762 37.4683301))",,,N/A,
"POLYGON ((37.4046251 37.098251, 37.4046895 37.0982007, 37.4046105 37.0981364, 37.4045462 37.0981867, 37.4046251 37.098251))",,,N/A,
"POLYGON ((36.7787598 37.1050255, 36.7787343 37.1050896, 36.7786404 37.1050659, 36.7786659 37.1050017, 36.7787598 37.1050255))",,,N/A,
"POLYGON ((37.3845161 37.0387455, 37.3845367 37.0387452, 37.384536 37.0387083, 37.3845154 37.0387086, 37.3845161 37.0387455))",2,49.0,Pre-1970,True
"POLYGON ((36.9371582 37.1749333, 36.937177 37.1749327, 36.9371747 37.17489, 36.9372806 37.1748865, 36.9372889 37.1750422, 36.9371642 37.1750464, 36.9371582 37.1749333))",1,20.4,Pre-1970,False
"POLYGON ((37.2625184 37.1920081, 37.2624273 37.1920078, 37.2624272 37.1920151, 37.2622824 37.1920146, 37.2622831 37.19188, 37.2625192 37.1918808, 37.2625184 37.1920081))",,,N/A,
"POLYGON ((37.6605913 36.8765, 37.6607246 36.876477, 37.6607511 36.8765754, 37.6606179 36.8765984, 37.6605913 36.8765))",,,N/A,
"POLYGON ((37.3885772 37.0698863, 37.3885821 37.0700124, 37.3885017 37.0700144, 37.3884968 37.0698882, 37.3885772 37.0698863))",2,52.9,Pre-1970,False
"POLYGON ((37.1938484 37.0567453, 37.1939368 37.056768, 37.1938837 37.0568997, 37.193819 37.0568831, 37.1938408 37.0568289, 37.1938172 37.0568229, 37.1938484 37.0567453))",,,N/A,
"POLYGON ((37.4067442 37.0431527, 37.4068327 37.0431704, 37.4068486 37.0431259, 37.4068088 37.0431146, 37.4067982 37.0431301, 37.4067548 37.0431252, 37.4067442 37.0431527))",2,52.6,Pre-1970,True
"POLYGON ((37.7670724 36.8625069, 37.7671401 36.862506, 37.7671378 36.8623978, 37.7670374 36.8623991, 37.7670384 36.8624452, 37.7670711 36.8624447, 37.7670724 36.8625069))",,,N/A,
"POLYGON ((36.7811814 37.0821747, 36.7811479 37.0821754, 36.7811437 37.0820391, 36.7812639 37.0820368, 36.7812667 37.0821295, 36.7812442 37.0821299, 36.7812455 37.0821734, 36.7811814 37.0821747))",,,N/A,
"POLYGON ((37.7068682 37.09073, 37.7068068 37.0907349, 37.7067963 37.0906502, 37.7068577 37.0906454, 37.7068682 37.09073))",,,N/A,
"POLYGON ((37.8580363 37.4515891, 37.8580534 37.4516531, 37.8579404 37.4516721, 37.8579234 37.4516081, 37.8580363 37.4515891))",,,N/A,
"POLYGON ((37.7487794 36.9162987, 37.7488464 36.9163053, 37.7488611 36.9162099, 37.7487941 36.9162032, 37.7487794 36.9162987))",,,N/A,
"POLYGON ((37.4193364 37.0507214, 37.4193116 37.0506513, 37.4191601 37.0506854, 37.4191872 37.0507622, 37.419227 37.0507532, 37.4192176 37.0507268, 37.4192679 37.0507155, 37.4192749 37.0507353, 37.4193364 37.0507214))",3,62.2,Pre-1970,True
"POLYGON ((37.2991379 37.1503953, 37.2992885 37.1503353, 37.2993366 37.1504118, 37.299186 37.1504719, 37.2991379 37.1503953))",2,80.9,Pre-1970,False
"POLYGON ((37.3061787 36.859078, 37.3061713 36.8591579, 37.3062401 36.859162, 37.3062475 36.859082, 37.3061787 36.859078))",1,17.6,Pre-1970,False
"POLYGON ((37.3523209 37.0480904, 37.3523055 37.0481799, 37.3523605 37.048186, 37.3523634 37.0481691, 37.3524591 37.0481796, 37.3524716 37.0481069, 37.3523209 37.0480904))",,,N/A,
"POLYGON ((37.3272837 37.0404413, 37.3272189 37.0403021, 37.327419 37.0402427, 37.3274838 37.0403819, 37.3272837 37.0404413))",3,57.3,Pre-1970,False
"POLYGON ((37.3859329 37.0769794, 37.3858739 37.076977, 37.3858773 37.0769236, 37.3858633 37.076923, 37.3858655 37.0768892, 37.3858973 37.0768905, 37.3858937 37.0769464, 37.3859349 37.0769481, 37.3859329 37.0769794))",2,46.5,Pre-1970,False
"POLYGON ((37.4244757 36.8619943, 37.4244924 36.8618533, 37.4246925 36.8618685, 37.4246758 36.8620095, 37.4244757 36.8619943))",,,N/A,
"POLYGON ((36.8851527 36.9550702, 36.8852762 36.9550319, 36.8852907 36.9550616, 36.8853606 36.9550399, 36.8853896 36.9550995, 36.8851962 36.9551596, 36.8851527 36.9550702))",,,N/A,
"POLYGON ((37.3753217 37.0380259, 37.3753668 37.0379948, 37.3753175 37.0379494, 37.3752724 37.0379805, 37.3753217 37.0380259))",3,62.4,Pre-1970,True
"POLYGON ((37.3792186 37.0975692, 37.3793142 37.0975042, 37.379463 37.0976349, 37.3793647 37.0977031, 37.3792186 37.0975692))",3,46.3,Pre-1970,True
"POLYGON ((37.3073724 37.1547629, 37.3075922 37.15477, 37.307598 37.1546576, 37.3073781 37.1546504, 37.3073724 37.1547629))",,,N/A,
"POLYGON ((37.3457895 37.0915567, 37.3459753 37.0914325, 37.3458439 37.0913074, 37.3456581 37.0914315, 37.3457895 37.0915567))",,,N/A,
"POLYGON ((37.8243525 37.2841352, 37.8245026 37.2841046, 37.82445 37.2839677, 37.8243138 37.2839989, 37.8243525 37.2841352))",,,N/A,
"POLYGON ((37.5839087 36.7917631, 37.5839992 36.7917749, 37.5840094 36.7917246, 37.5839189 36.7917128, 37.5839087 36.7917631))",,,N/A,
"POLYGON ((37.0193507 37.1758067, 37.019303 37.1758028, 37.0193086 37.1757584, 37.0193564 37.1757623, 37.0193507 37.1758067))",,,N/A,
"POLYGON ((37.3630315 37.0489503, 37.3629993 37.0488764, 37.3630377 37.0488657, 37.3630563 37.0489084, 37.3630414 37.0489126, 37.363055 37.0489437, 37.3630315 37.0489503))",1,15.2,1980-1989,True
"POLYGON ((37.3251985 37.0734765, 37.3251325 37.0732746, 37.325337 37.073232, 37.325403 37.0734339, 37.3251985 37.0734765))",1,14.1,Pre-1970,False
"POLYGON ((37.3776352 37.0628273, 37.3775652 37.0628273, 37.3775652 37.0628563, 37.3776352 37.0628563, 37.3776352 37.0628273))",,,N/A,
"POLYGON ((37.4100825 37.0633722, 37.4100385 37.0635098, 37.4101334 37.0635291, 37.4101773 37.0633915, 37.4100825 37.0633722))",3,54.3,Pre-1970,False
"POLYGON ((37.4081628 37.009225, 37.4081775 37.0091811, 37.4082311 37.0091925, 37.4082164 37.0092365, 37.4081628 37.009225))",1,,Pre-1970,False
"POLYGON ((37.3880707 37.0701154, 37.3879324 37.0700967, 37.3880005 37.06984, 37.3880517 37.0698476, 37.3881023 37.069855, 37.3880707 37.0701154))",2,42.5,Pre-1970,True
"POLYGON ((37.3565983 37.0765385, 37.3566505 37.0764215, 37.3568147 37.0764682, 37.3568206 37.0764549, 37.3569385 37.0764884, 37.3568606 37.0766631, 37.3567141 37.0766215, 37.356734 37.076577, 37.3565983 37.0765385))",,,N/A,
"POLYGON ((37.6826442 36.9873306, 37.6823724 36.9867764, 37.6817179 36.987002, 37.6818824 36.9873134, 37.681582 36.9874248, 37.6817143 36.9876676, 37.6826442 36.9873306))",,,N/A,
"POLYGON ((37.5982904 37.111829, 37.5980249 37.1118266, 37.5980264 37.1117197, 37.5980854 37.1117202, 37.598087 37.1116111, 37.5982452 37.1116126, 37.5982458 37.1115655, 37.598278 37.1115658, 37.5982772 37.1116235, 37.5982933 37.1116237, 37.5982904 37.111829))",,,N/A,
"POLYGON ((37.8101557 37.4599228, 37.8101578 37.4598796, 37.8102599 37.4598826, 37.8102578 37.4599259, 37.8101557 37.4599228))",,,N/A,
"POLYGON ((37.1495797 37.1261415, 37.1496308 37.1261577, 37.1496732 37.1260726, 37.1495552 37.1260352, 37.1495312 37.1260834, 37.1495981 37.1261046, 37.1495797 37.1261415))",,,N/A,
"POLYGON ((37.3692526 37.0477897, 37.3692773 37.047814, 37.3692976 37.0478152, 37.3693296 37.0478511, 37.3693499 37.0478407, 37.3693383 37.0477862, 37.3693543 37.0477792, 37.369347 37.0477526, 37.3692526 37.0477897))",2,42.1,Pre-1970,True
"POLYGON ((37.2695182 37.0945509, 37.2696631 37.0944899, 37.2695789 37.0943627, 37.269434 37.0944236, 37.2695182 37.0945509))",,,N/A,
"POLYGON ((37.3856526 37.0488121, 37.3856532 37.0487939, 37.3856666 37.0487913, 37.3857069 37.0487832, 37.3857129 37.0487971, 37.3857277 37.0487982, 37.385727 37.0488218, 37.3856834 37.0488255, 37.3856814 37.0488309, 37.38567 37.0488314, 37.385666 37.0488111, 37.3856526 37.0488121))",4,75.8,Pre-1970,False
"POLYGON ((37.5021543 36.9818409, 37.5022136 36.9818409, 37.5022136 36.9818034, 37.5021925 36.9818034, 37.5021925 36.981789, 37.5022032 36.981789, 37.5022032 36.9817718, 37.5022273 36.9817718, 37.5022274 36.9817145, 37.5021603 36.9817145, 37.5021603 36.9817049, 37.5020618 36.9817048, 37.5020617 36.981812, 37.5021311 36.981812, 37.5021311 36.9818216, 37.5021543 36.9818216, 37.5021543 36.9818409))",,,N/A,
"POLYGON ((36.5591267 36.940858, 36.5591002 36.9408083, 36.5592408 36.9407603, 36.5592989 36.9408691, 36.5591764 36.9409109, 36.5591449 36.9408518, 36.5591267 36.940858))",,,N/A,
"POLYGON ((37.8657266 37.0133122, 37.8664198 37.0134187, 37.8667193 37.0121754, 37.8660264 37.0120689, 37.8657266 37.0133122))",,,N/A,
"POLYGON ((37.3493651 37.0393051, 37.3493648 37.0393416, 37.3494129 37.0393418, 37.3494132 37.0393054, 37.3493651 37.0393051))",2,28.8,1980-1989,False
"POLYGON ((37.3365134 37.0470989, 37.3365648 37.046996, 37.3366673 37.0470287, 37.3366208 37.0471218, 37.3366159 37.0471316, 37.3365134 37.0470989))",3,64.6,Pre-1970,False
"POLYGON ((37.2600675 37.0398681, 37.2601012 37.0398615, 37.260177 37.0398467, 37.2601405 37.0397274, 37.260031 37.0397488, 37.2600399 37.0397778, 37.2600675 37.0398681))",1,,Pre-1970,False
"POLYGON ((37.3886748 37.0357438, 37.3886137 37.0357438, 37.3886138 37.0357984, 37.3886749 37.0357983, 37.3886748 37.0357438))",,,N/A,
"POLYGON ((37.6671322 36.9753991, 37.6672117 36.9754889, 37.6673401 36.9754163, 37.6672606 36.9753265, 37.6671322 36.9753991))",,,N/A,
"POLYGON ((37.3599159 37.0531441, 37.3600462 37.0531528, 37.3600544 37.0530754, 37.359924 37.0530667, 37.3599159 37.0531441))",2,31.4,Pre-1970,True
"POLYGON ((37.8535338 37.3853173, 37.853684 37.3853192, 37.8536856 37.3852403, 37.8535936 37.3852391, 37.8535929 37.3852692, 37.8535348 37.3852684, 37.8535338 37.3853173))",,,N/A,
"POLYGON ((37.3486472 37.0314231, 37.3488911 37.0313955, 37.3489235 37.0315775, 37.3486796 37.0316052, 37.3486472 37.0314231))",2,34.5,1970-1979,True
"POLYGON ((37.3337565 37.0429344, 37.333891 37.0429849, 37.3338115 37.0431197, 37.333677 37.0430692, 37.3337565 37.0429344))",4,67.1,Pre-1970,False
"POLYGON ((37.3570365 37.0453523, 37.3570868 37.0454388, 37.357161 37.0454113, 37.3571181 37.0453375, 37.3571107 37.0453248, 37.3570365 37.0453523))",,,N/A,
"POLYGON ((37.3447046 37.0535351, 37.344541 37.0535324, 37.34454 37.0535732, 37.3445718 37.0535738, 37.3445709 37.05361, 37.3447143 37.0536124, 37.3447163 37.0535353, 37.3447046 37.0535351))",2,31.4,Pre-1970,True
"POLYGON ((37.4201759 37.0471828, 37.4202446 37.0471351, 37.4201507 37.047049, 37.420082 37.0470966, 37.4201759 37.0471828))",,,N/A,
"POLYGON ((37.7441514 37.2518812, 37.7443337 37.2520176, 37.744242 37.2520953, 37.7440597 37.2519589, 37.7441514 37.2518812))",,,N/A,
"POLYGON ((37.2835729 37.200493, 37.2836992 37.2004791, 37.2837196 37.2005965, 37.2835933 37.2006104, 37.2835729 37.200493))",2,37.8,Pre-1970,False
"POLYGON ((37.4091844 37.0449933, 37.4092399 37.0449667, 37.4092547 37.0449864, 37.4092881 37.0449703, 37.40932 37.0450126, 37.4092737 37.0450349, 37.4092599 37.0450165, 37.4092173 37.0450369, 37.4091844 37.0449933))",3,53.8,Pre-1970,False
"POLYGON ((37.3972645 37.0440485, 37.3972656 37.0440956, 37.39722 37.0440962, 37.3972645 37.0440485))",3,54.5,Pre-1970,False
"POLYGON ((37.3587244 37.0697526, 37.3589499 37.0698366, 37.3588732 37.0699678, 37.3586476 37.0698837, 37.3587244 37.0697526))",1,22.3,Pre-1970,False
"POLYGON ((37.7357819 37.407406, 37.7355658 37.4074185, 37.7355586 37.4073401, 37.7357747 37.4073276, 37.7357819 37.407406))",,,N/A,
"POLYGON ((37.1934701 37.0100732, 37.1934658 37.0101115, 37.193367 37.0101044, 37.1933714 37.010066, 37.1934701 37.0100732))",,,N/A,
"POLYGON ((37.3459895 37.0481066, 37.3459794 37.0481512, 37.3459347 37.0481448, 37.3459448 37.0481002, 37.3459895 37.0481066))",2,41.0,1980-1989,False
"POLYGON ((37.2877707 36.9980717, 37.2878255 36.9979825, 37.2879022 36.9980126, 37.2878475 36.9981018, 37.2877707 36.9980717))",,,N/A,
"POLYGON ((37.3988203 37.0410555, 37.3987849 37.0411058, 37.3988271 37.0411247, 37.3988625 37.0410744, 37.3988526 37.04107, 37.3988203 37.0410555))",1,18.8,1980-1989,False
"POLYGON ((37.2986536 37.1397129, 37.2987184 37.1396475, 37.2987961 37.1396963, 37.2987314 37.1397618, 37.2986536 37.1397129))",1,15.0,Pre-1970,False
"POLYGON ((37.3539868 37.0464349, 37.3538737 37.0464319, 37.353877 37.0463545, 37.3539901 37.0463576, 37.3539868 37.0464349))",2,50.0,Pre-1970,True
"POLYGON ((37.7798453 37.0067116, 37.779845 37.0068251, 37.7796438 37.0068248, 37.7796441 37.0067113, 37.7798453 37.0067116))",,,N/A,
"POLYGON ((37.2829281 37.1854373, 37.2828065 37.1854347, 37.2828102 37.1853268, 37.2829318 37.1853294, 37.2829281 37.1854373))",2,27.0,1980-1989,False
"POLYGON ((37.3891152 37.0417054, 37.3891649 37.0417054, 37.3891649 37.0416605, 37.3891152 37.0416605, 37.3891152 37.0417054))",,,N/A,
"POLYGON ((36.8458861 37.165693, 36.8458392 37.1656949, 36.8458358 37.1656429, 36.8458827 37.1656409, 36.8458861 37.165693))",1,19.6,Pre-1970,False
"POLYGON ((36.7382009 36.9685905, 36.7381566 36.9686041, 36.738147 36.9685843, 36.7381913 36.9685706, 36.7382009 36.9685905))",,,N/A,
"POLYGON ((37.6205476 36.7413642, 37.6205285 36.7415295, 37.6204806 36.741526, 37.6204997 36.7413607, 37.6205476 36.7413642))",,,N/A,
"POLYGON ((37.3567271 37.0436586, 37.3568565 37.0436616, 37.3568573 37.0436402, 37.356859 37.0435937, 37.3567296 37.0435907, 37.3567271 37.0436586))",2,29.2,Pre-1970,True
"POLYGON ((37.7759513 37.2858865, 37.7759619 37.2859492, 37.7759162 37.285954, 37.7759056 37.2858913, 37.7759513 37.2858865))",,,N/A,
"POLYGON ((37.3355033 37.0440034, 37.3355047 37.0438715, 37.3356703 37.0438727, 37.3356689 37.0440046, 37.33552 37.0440035, 37.3355033 37.0440034))",2,36.8,Pre-1970,True
"POLYGON ((37.6941537 37.4222672, 37.6941525 37.4222268, 37.6942205 37.4222241, 37.6942368 37.4222247, 37.694235 37.4222539, 37.6942371 37.4222657, 37.6941537 37.4222672))",,,N/A,
"POLYGON ((37.3714706 37.0495188, 37.3714587 37.0494513, 37.3715754 37.0494382, 37.3715873 37.0495057, 37.3714706 37.0495188))",3,43.7,Pre-1970,True
"POLYGON ((37.3074029 37.134815, 37.3073386 37.1348168, 37.3073392 37.1348317, 37.3072052 37.1348353, 37.3072002 37.1347157, 37.3073984 37.1347104, 37.3074029 37.134815))",,,N/A,
"POLYGON ((37.0208079 37.0535519, 37.0207608 37.0535659, 37.0207433 37.0535283, 37.0207904 37.0535143, 37.0208079 37.0535519))",,,N/A,
"POLYGON ((37.3696753 37.0859557, 37.369755 37.0859544, 37.3697729 37.0859567, 37.3697722 37.0859306, 37.369807 37.0859301, 37.3698067 37.0859086, 37.3696741 37.0859107, 37.3696753 37.0859557))",1,23.6,Pre-1970,False
"POLYGON ((37.3897104 37.0525511, 37.3897437 37.0525554, 37.3897543 37.0525027, 37.389721 37.0524984, 37.3897104 37.0525511))",2,29.3,Pre-1970,True
"POLYGON ((37.3411553 37.0458555, 37.3411552 37.0457731, 37.3411552 37.0457569, 37.3410098 37.045757, 37.3410099 37.0458556, 37.3411553 37.0458555))",,,N/A,
"POLYGON ((36.5823792 37.0344301, 36.5823953 37.0343628, 36.5824445 37.0343703, 36.5824283 37.0344376, 36.5823792 37.0344301))",,,N/A,
"POLYGON ((36.7408379 37.0853743, 36.7407896 37.0853871, 36.7408139 37.0854457, 36.7407667 37.0854582, 36.7407307 37.0853714, 36.7408262 37.0853462, 36.7408379 37.0853743))",,,N/A,
"POLYGON ((37.4578214 37.0240755, 37.4576813 37.0240975, 37.4576972 37.0241622, 37.457765 37.0241515, 37.4577737 37.0241868, 37.4578381 37.0241767, 37.4578429 37.0241962, 37.4578508 37.024195, 37.4578214 37.0240755))",2,39.2,1980-1989,False
"POLYGON ((37.3582932 37.0516734, 37.3583565 37.0516761, 37.3583569 37.0516696, 37.3583637 37.0515689, 37.3583247 37.0515672, 37.3583231 37.0515924, 37.3582987 37.0515913, 37.3582932 37.0516734))",2,36.4,Pre-1970,True
"POLYGON ((37.4241545 37.100219, 37.4240054 37.1001795, 37.4240545 37.1000614, 37.4242037 37.1001009, 37.4241545 37.100219))",4,70.4,Pre-1970,True
"POLYGON ((37.9732496 37.0419893, 37.9732482 37.0418906, 37.9733826 37.0418894, 37.973384 37.0419881, 37.9732496 37.0419893))",1,23.2,1990-1999,False
"POLYGON ((37.366346 37.0503121, 37.3663461 37.0502964, 37.3663254 37.0502962, 37.3663252 37.050312, 37.366346 37.0503121))",2,38.7,Pre-1970,True
"POLYGON ((37.3988822 37.043197, 37.3988844 37.0431119, 37.3989739 37.0431134, 37.3989717 37.0431985, 37.3988822 37.043197))",4,70.8,Pre-1970,False
"POLYGON ((37.3066416 37.1134799, 37.3067034 37.1135866, 37.3067883 37.1135374, 37.3067368 37.1134409, 37.3067523 37.1134307, 37.3067137 37.113324, 37.3065541 37.1133773, 37.3066108 37.1134881, 37.3066416 37.1134799))",,,N/A,
"POLYGON ((37.3621019 37.0862994, 37.3619923 37.086357, 37.3619132 37.0862613, 37.3620229 37.0862037, 37.3621019 37.0862994))",1,26.9,Pre-1970,False
"POLYGON ((37.4106622 37.038762, 37.410703 37.0387926, 37.4107383 37.0387626, 37.4106975 37.038732, 37.4106622 37.038762))",2,29.8,2000-2009,False
"POLYGON ((37.2802135 37.0943477, 37.2803624 37.0944471, 37.2804891 37.0943265, 37.2803403 37.094227, 37.2802135 37.0943477))",,,N/A,
"POLYGON ((37.3993413 37.0627831, 37.3992934 37.0627034, 37.3994135 37.0626574, 37.3994614 37.0627371, 37.3993413 37.0627831))",,,N/A,
"POLYGON ((37.3940172 37.0357082, 37.3939605 37.0357086, 37.3939612 37.0357689, 37.3940179 37.0357685, 37.3940172 37.0357082))",4,67.8,Pre-1970,False
"POLYGON ((37.8344127 37.3953346, 37.834544 37.3953243, 37.8345316 37.3952239, 37.8344003 37.3952342, 37.8344127 37.3953346))",,,N/A,
"POLYGON ((37.3637056 37.0371034, 37.3636572 37.0371603, 37.3636188 37.0371395, 37.3636024 37.0371588, 37.3635298 37.0371195, 37.3635947 37.0370432, 37.3637056 37.0371034))",2,28.4,1990-1999,True
